time_seconds, weighted_integrated_cars, cars_entered, cars_exited, time_int_cars_exits, time_int_cars_main, LOSA_count, LOSB_count, LOSC_count, LOSD_count, LOSE_count, segment_LOSA_count, segment_LOSB_count, segment_LOSC_count, segment_LOSD_count, segment_LOSE_count
0.0, 0.07991121805107786, 0.059519022387586606, 0.05951902257891825, 0.0003537991766414373, 0.6804390947729816, 2, 0, 0, 0, 28, 3, 0, 0, 0, 75
100.0, 79.77263570105092, 59.578541455904926, 64.19887712810612, 0.3960731551770851, 679.8285288322198, 2, 0, 0, 0, 28, 3, 0, 0, 0, 75
200.0, 158.99846439505168, 119.09759023886747, 127.88036414540792, 0.7873345117640225, 1356.878337430077, 2, 0, 0, 0, 28, 3, 0, 0, 0, 75
300.0, 237.95738509865188, 178.65482626968648, 191.56185116270973, 1.17859586835096, 2031.8527959792802, 2, 0, 0, 0, 28, 3, 0, 0, 0, 75
400.0, 316.71843690525856, 238.31921481463806, 255.24333818001153, 1.5698572249378975, 2704.791768506031, 2, 0, 0, 0, 28, 3, 0, 0, 0, 75
420.0, 332.37836214886914, 250.1988933315063, 267.9159540964546, 1.6477182348986976, 2838.4680884694585, 2, 0, 0, 0, 28, 3, 0, 0, 0, 75
