time_seconds, weighted_integrated_cars, cars_entered, cars_exited, time_int_cars_exits, time_int_cars_main, LOSA_count, LOSB_count, LOSC_count, LOSD_count, LOSE_count, segment_LOSA_count, segment_LOSB_count, segment_LOSC_count, segment_LOSD_count, segment_LOSE_count
0.0, 0.07859259122838952, 0.05969931965374221, 0.06368148701730585, 0.00039126135658692563, 0.6554360086707395, 2, 0, 0, 0, 28, 3, 0, 0, 0, 73
100.0, 78.63583166558672, 58.35686799699286, 63.739208271128135, 0.3915985409088402, 654.7497496159808, 2, 0, 0, 0, 28, 3, 0, 0, 0, 73
200.0, 157.13898852289623, 116.83114331115051, 127.41532570897746, 0.7828115712806896, 1306.1631578801785, 2, 0, 0, 0, 28, 3, 0, 0, 0, 73
300.0, 235.6039497767351, 176.8176801234705, 191.0914431468268, 1.174024601652539, 1955.2914536948026, 2, 0, 0, 0, 28, 3, 0, 0, 0, 73
400.0, 314.04848950370047, 238.43996703516166, 254.7675605846756, 1.5652376320243884, 2603.0567383731095, 2, 0, 0, 0, 28, 3, 0, 0, 0, 73
500.0, 392.48051966286334, 300.5591899023443, 318.4436780225214, 1.9564506623962379, 3249.9192509823015, 2, 0, 0, 0, 28, 3, 0, 0, 0, 73
600.0, 470.90452295641774, 363.26188954988874, 382.1197954603672, 2.347663692768087, 3896.147432944283, 2, 0, 0, 0, 28, 3, 0, 0, 0, 73
660.0, 517.8784518720939, 401.01026473348, 420.2617898056368, 2.5820002979608248, 4283.045816642209, 2, 0, 0, 0, 28, 3, 0, 0, 0, 73
