time_seconds, weighted_integrated_cars, cars_entered, cars_exited, time_int_cars_exits, time_int_cars_main, LOSA_count, LOSB_count, LOSC_count, LOSD_count, LOSE_count, segment_LOSA_count, segment_LOSB_count, segment_LOSC_count, segment_LOSD_count, segment_LOSE_count
0.0, 0.0765841727214699, 0.05738771611703789, 0.05813013369002936, 0.0003412991766414373, 0.5726723648516912, 2, 1, 2, 1, 24, 11, 0, 0, 0, 67
100.0, 76.49199806974842, 57.44510474304599, 61.26593821866387, 0.3695641324230373, 572.1992896832003, 2, 1, 2, 1, 24, 11, 0, 0, 0, 67
200.0, 152.5466868289777, 114.83283023924426, 122.16875154377587, 0.7358174257802564, 1142.0570025817071, 2, 1, 2, 1, 24, 11, 0, 0, 0, 67
300.0, 228.37505209078603, 172.24396978751054, 183.07156486888786, 1.1020707191374823, 1710.1606059474411, 2, 1, 2, 1, 24, 11, 0, 0, 0, 67
400.0, 303.9955244805513, 229.7261584056763, 243.97437819399985, 1.4683240124947152, 2276.535764090718, 2, 1, 2, 1, 24, 11, 0, 0, 0, 67
420.0, 319.0193227595132, 241.16977309808416, 256.0940380456971, 1.5412084178728047, 2389.0411675617584, 2, 1, 2, 1, 24, 11, 0, 0, 0, 67
