time_seconds, weighted_integrated_cars, cars_entered, cars_exited, time_int_cars_exits, time_int_cars_main, LOSA_count, LOSB_count, LOSC_count, LOSD_count, LOSE_count, segment_LOSA_count, segment_LOSB_count, segment_LOSC_count, segment_LOSD_count, segment_LOSE_count
0.0, 0.07539136231628037, 0.05750715289988177, 0.06090281332511574, 0.0003662532933572147, 0.5502317916461766, 2, 1, 3, 0, 24, 11, 0, 0, 0, 65
100.0, 75.35861257286663, 55.352742639134824, 60.964899144998114, 0.36663028003711096, 549.3891013249672, 2, 1, 3, 0, 24, 11, 0, 0, 0, 65
200.0, 150.4168445565794, 110.25546985248063, 121.86877824178458, 0.7328931653394031, 1095.3187811825564, 2, 1, 3, 0, 24, 11, 0, 0, 0, 65
300.0, 225.2101513371712, 165.2592339533409, 182.77265733857126, 1.0991560506416884, 1638.2686972059134, 2, 1, 3, 0, 24, 11, 0, 0, 0, 65
400.0, 299.7338251347319, 220.396258885341, 243.67653643535948, 1.4654189359439664, 2178.291398292132, 2, 1, 3, 0, 24, 11, 0, 0, 1, 64
500.0, 373.9886974636755, 275.67220947113645, 304.58041553214775, 1.831681821246245, 2715.475471655105, 2, 1, 3, 0, 24, 11, 0, 0, 1, 64
600.0, 447.9752041026341, 330.98062644206897, 365.4842946289351, 2.1979447065485234, 3249.850754685433, 2, 1, 3, 0, 24, 11, 0, 0, 1, 64
660.0, 492.16472992596897, 364.17569976254157, 401.96571820790916, 2.417336174844588, 3568.6126514730418, 2, 1, 3, 0, 24, 11, 0, 1, 0, 64
