time_seconds, weighted_integrated_cars, cars_entered, cars_exited, time_int_cars_exits, time_int_cars_main, LOSA_count, LOSB_count, LOSC_count, LOSD_count, LOSE_count, segment_LOSA_count, segment_LOSB_count, segment_LOSC_count, segment_LOSD_count, segment_LOSE_count
0.0, 0.07859362843356595, 0.05969917627088084, 0.06367812403419684, 0.0003912310897389446, 0.6554432063527103, 2, 0, 0, 0, 28, 3, 0, 0, 0, 73
100.0, 78.63657007087599, 58.35670473121675, 63.74281429402797, 0.3916315039094332, 654.7558092597118, 2, 0, 0, 0, 28, 3, 0, 0, 0, 73
200.0, 157.13977828438587, 116.83067410151354, 127.42185016227387, 0.7828708001548541, 1306.1736786944111, 2, 0, 0, 0, 28, 3, 0, 0, 0, 73
300.0, 235.60439864520845, 176.81621786672156, 191.10088603051975, 1.174110096400275, 1955.304680947988, 2, 0, 0, 0, 28, 3, 0, 0, 0, 73
400.0, 314.04828522459985, 238.43663110644567, 254.7799218987662, 1.5653493926457143, 2603.0704667734863, 2, 0, 0, 0, 28, 3, 0, 0, 0, 73
500.0, 392.47950207029766, 300.55379896325786, 318.45895776701565, 1.956588688891163, 3249.9310317789177, 2, 0, 0, 0, 28, 3, 0, 0, 0, 73
600.0, 470.90261141729616, 363.25429966333724, 382.1379936352651, 2.3478279851366115, 3896.15474018539, 2, 0, 0, 0, 28, 3, 0, 0, 0, 73
660.0, 517.8759797913049, 401.0014345380045, 420.28173612034647, 2.582180323587635, 4283.049222348355, 2, 0, 0, 0, 28, 3, 0, 0, 0, 73
