time_seconds, weighted_integrated_cars, cars_entered, cars_exited, time_int_cars_exits, time_int_cars_main, LOSA_count, LOSB_count, LOSC_count, LOSD_count, LOSE_count, segment_LOSA_count, segment_LOSB_count, segment_LOSC_count, segment_LOSD_count, segment_LOSE_count
0.0, 0.07991121805658374, 0.05951902155772634, 0.05951902257891825, 0.0003537991766414373, 0.6804390956834584, 2, 0, 0, 0, 28, 3, 0, 0, 0, 75
100.0, 79.77281223326882, 59.57854079218217, 64.19514421685496, 0.3960392865741941, 679.8295726069783, 2, 0, 0, 0, 28, 3, 0, 0, 0, 75
200.0, 158.99920561222288, 119.09758914334674, 127.87326825104822, 0.7872703763131401, 1356.88211998081, 2, 0, 0, 0, 28, 3, 0, 0, 0, 75
300.0, 237.95891668427151, 178.6548005580322, 191.55139228524314, 1.178501466052086, 2031.860995256672, 2, 0, 0, 0, 28, 3, 0, 0, 0, 75
400.0, 316.7209315643194, 238.31908164797147, 255.22951631943806, 1.56973255579105, 2704.8060339669273, 2, 0, 0, 0, 28, 3, 0, 0, 0, 75
420.0, 332.3810616479248, 250.19873202754573, 267.90146300224285, 1.647587542649106, 2838.4837542210767, 2, 0, 0, 0, 28, 3, 0, 0, 0, 75
