time_seconds, weighted_integrated_cars, cars_entered, cars_exited, time_int_cars_exits, time_int_cars_main, LOSA_count, LOSB_count, LOSC_count, LOSD_count, LOSE_count, segment_LOSA_count, segment_LOSB_count, segment_LOSC_count, segment_LOSD_count, segment_LOSE_count
0.0, 0.05987706214543986, 0.05435247437711819, 0.05757457813447381, 0.0003362991766414373, 0.5016985209020807, 3, 0, 1, 2, 24, 13, 0, 0, 0, 65
100.0, 59.335469679553746, 54.407271270109554, 60.096007050327394, 0.3589899596335638, 500.70552033294064, 3, 0, 1, 2, 24, 13, 0, 0, 1, 64
200.0, 117.24134590975851, 108.76085497018052, 119.89027377733862, 0.7152663336078783, 998.1797526121455, 3, 0, 1, 2, 24, 13, 0, 0, 1, 64
300.0, 173.77095326326045, 163.11492543537992, 179.68454050434912, 1.071542707582193, 1492.9337724234051, 3, 0, 1, 2, 24, 13, 0, 0, 1, 64
400.0, 228.9242636868184, 217.4693131839926, 239.4788072313603, 1.4278190815564955, 1984.9677791524714, 3, 0, 1, 2, 24, 13, 0, 0, 1, 64
420.0, 239.73557640628175, 228.2858652823019, 251.3778663100357, 1.4987180799773814, 2082.5580598709635, 3, 0, 1, 2, 24, 13, 0, 0, 1, 64
