time_seconds, weighted_integrated_cars, cars_entered, cars_exited, time_int_cars_exits, time_int_cars_main, LOSA_count, LOSB_count, LOSC_count, LOSD_count, LOSE_count, segment_LOSA_count, segment_LOSB_count, segment_LOSC_count, segment_LOSD_count, segment_LOSE_count
0.0, 0.054107032131044945, 0.05435455462739967, 0.05979426672701474, 0.0003562763739743057, 0.47530884482339336, 3, 0, 2, 1, 24, 13, 0, 0, 1, 62
100.0, 53.46698314381367, 52.10524605911941, 59.85389199460054, 0.35663111702365635, 473.85871326330033, 3, 0, 2, 1, 24, 13, 0, 1, 1, 61
200.0, 105.49171663358173, 103.70740637936632, 119.64800647013465, 0.7129061207346692, 943.2531217074808, 3, 0, 2, 2, 23, 13, 1, 1, 0, 61
300.0, 156.12921877395698, 155.40305558193916, 179.44212094566802, 1.0691811244456821, 1408.5679859064537, 3, 0, 3, 1, 23, 14, 0, 1, 0, 61
400.0, 205.38076780556645, 207.15148139363944, 239.23623542120214, 1.425456128156695, 1869.840117178687, 3, 0, 3, 1, 23, 14, 1, 0, 0, 61
500.0, 253.24656112990925, 258.9974844573518, 299.0303498967373, 1.781731131867708, 2327.119019739541, 3, 0, 3, 1, 23, 14, 1, 0, 0, 61
600.0, 299.72174289238274, 311.1424816575166, 358.8244643722725, 2.138006135578721, 2780.4744257872767, 3, 0, 3, 1, 23, 14, 1, 0, 0, 61
660.0, 326.88620797915075, 342.6440302400292, 394.64113894311805, 2.351414862801627, 3050.2542223546716, 3, 0, 3, 1, 23, 15, 0, 0, 0, 61
