time_seconds, weighted_integrated_cars, cars_entered, cars_exited, time_int_cars_exits, time_int_cars_main, LOSA_count, LOSB_count, LOSC_count, LOSD_count, LOSE_count, segment_LOSA_count, segment_LOSB_count, segment_LOSC_count, segment_LOSD_count, segment_LOSE_count
0.0, 0.07813664427311888, 0.06054574001509093, 0.06388445785607462, 0.0002971823429268939, 0.6535067623058596, 2, 0, 0, 0, 28, 3, 0, 0, 0, 73
100.0, 78.18007987164707, 59.10164773676478, 63.94374869047063, 0.297437847448317, 652.961857900402, 2, 0, 0, 0, 28, 3, 0, 0, 0, 73
200.0, 156.22885862072266, 118.09418195381413, 127.82406814703296, 0.5945829447795916, 1302.8036017609745, 2, 0, 0, 0, 28, 3, 0, 0, 0, 73
300.0, 234.23971633981685, 178.41946849342224, 191.7043876035854, 0.8917280421108569, 1950.4661771424344, 2, 0, 0, 0, 28, 3, 0, 0, 0, 73
400.0, 312.23017948726664, 240.35132881635707, 255.5847070601335, 1.1888731394421406, 2596.82406422066, 2, 0, 0, 0, 28, 3, 0, 0, 0, 73
500.0, 390.20822345790157, 302.7361762207267, 319.46502651668163, 1.4860182367733779, 3242.3213362808683, 2, 0, 0, 0, 28, 3, 0, 0, 0, 73
600.0, 468.1782144510468, 365.67295096052464, 383.34534597322977, 1.78316333410456, 3887.2056856451622, 2, 0, 0, 0, 28, 3, 0, 0, 0, 73
660.0, 514.8801828496789, 403.5571992363279, 421.60965732770205, 1.961153247405938, 4273.305430957974, 2, 0, 0, 0, 28, 3, 0, 0, 0, 73
