time_seconds, weighted_integrated_cars, cars_entered, cars_exited, time_int_cars_exits, time_int_cars_main, LOSA_count, LOSB_count, LOSC_count, LOSD_count, LOSE_count, segment_LOSA_count, segment_LOSB_count, segment_LOSC_count, segment_LOSD_count, segment_LOSE_count
0.0, 0.07943288785491195, 0.06183575991704569, 0.05972222222222222, 0.0002597222222222222, 0.6750559203006165, 2, 0, 0, 0, 28, 3, 0, 0, 0, 75
100.0, 79.29605713485596, 61.89463929652875, 64.40202599802168, 0.3018998195129769, 674.9684435832924, 2, 0, 0, 0, 28, 3, 0, 0, 0, 75
200.0, 158.0516561647191, 123.61958760879614, 128.2864838540971, 0.5990821624398834, 1348.208604042791, 2, 0, 0, 0, 28, 3, 0, 0, 0, 75
300.0, 236.54749419652128, 184.90194746153236, 192.1709417101643, 0.8962645053667898, 2020.249949148585, 2, 0, 0, 0, 28, 3, 0, 0, 0, 75
400.0, 314.85102556753384, 245.83082120584584, 256.0553995662272, 1.1934468482937144, 2690.927293980396, 2, 0, 0, 0, 28, 3, 0, 0, 0, 75
420.0, 330.42014289907706, 257.88281705049513, 268.76840667958373, 1.2525861345361744, 2824.2054238541673, 2, 0, 0, 0, 28, 3, 0, 0, 0, 75
