time_seconds, weighted_integrated_cars, cars_entered, cars_exited, time_int_cars_exits, time_int_cars_main, LOSA_count, LOSB_count, LOSC_count, LOSD_count, LOSE_count, segment_LOSA_count, segment_LOSB_count, segment_LOSC_count, segment_LOSD_count, segment_LOSE_count
0.0, 0.07859295698942226, 0.05969936913986595, 0.06368029989967633, 0.00039125067252826, 0.6554384448400216, 2, 0, 0, 0, 28, 3, 0, 0, 0, 73
100.0, 78.63603749074683, 58.35688998281353, 63.74163452048591, 0.39162064091781734, 654.7514832301532, 2, 0, 0, 0, 28, 3, 0, 0, 0, 73
200.0, 157.1390372635618, 116.83110541231343, 127.41982119575475, 0.782852294426445, 1306.1655683617118, 2, 0, 0, 0, 28, 3, 0, 0, 0, 73
300.0, 235.60363381829634, 176.81733023596698, 191.09800787102358, 1.174083947935082, 1955.2934225447511, 2, 0, 0, 0, 28, 3, 0, 0, 0, 73
400.0, 314.0476444341673, 238.43900819552118, 254.7761945462924, 1.5653156014437188, 2603.0569898398326, 2, 0, 0, 0, 28, 3, 0, 0, 0, 73
500.0, 392.47906087953976, 300.55756439196034, 318.4543812215612, 1.9565472549523557, 3249.9164296043364, 2, 0, 0, 0, 28, 3, 0, 0, 0, 73
600.0, 470.9024075313472, 363.2595652248058, 382.1325678968301, 2.3477789084609926, 3896.1401597744352, 2, 0, 0, 0, 28, 3, 0, 0, 0, 73
660.0, 517.875929805599, 401.00758643681365, 420.2758017153161, 2.582126668912666, 4283.035220750811, 2, 0, 0, 0, 28, 3, 0, 0, 0, 73
