time_seconds, weighted_integrated_cars, cars_entered, cars_exited, time_int_cars_exits, time_int_cars_main, LOSA_count, LOSB_count, LOSC_count, LOSD_count, LOSE_count, segment_LOSA_count, segment_LOSB_count, segment_LOSC_count, segment_LOSD_count, segment_LOSE_count
0.0, 0.07991121525501022, 0.0595197670834285, 0.05951902257891825, 0.0003537991766414373, 0.6804383199567456, 2, 0, 0, 0, 28, 3, 0, 0, 0, 75
100.0, 79.77269582127752, 59.57913561980904, 64.19755942753736, 0.39606119971543835, 679.8282818499382, 2, 0, 0, 0, 28, 3, 0, 0, 0, 75
200.0, 158.99872249395807, 119.0985358037886, 127.87785932721053, 0.7873118722437101, 1356.8786740482092, 2, 0, 0, 0, 28, 3, 0, 0, 0, 75
300.0, 237.9579213236795, 178.65599402390447, 191.5581592268837, 1.178562544771982, 2031.85445084675, 2, 0, 0, 0, 28, 3, 0, 0, 0, 75
400.0, 316.7193125562716, 238.3204886593619, 255.23845912655685, 1.5698132173002537, 2704.7954167850394, 2, 0, 0, 0, 28, 3, 0, 0, 0, 75
420.0, 332.3793100303556, 250.2001781268737, 267.9108388065918, 1.64767210113338, 2838.4722092033444, 2, 0, 0, 0, 28, 3, 0, 0, 0, 75
