time_seconds, weighted_integrated_cars, cars_entered, cars_exited, time_int_cars_exits, time_int_cars_main, LOSA_count, LOSB_count, LOSC_count, LOSD_count, LOSE_count, segment_LOSA_count, segment_LOSB_count, segment_LOSC_count, segment_LOSD_count, segment_LOSE_count
0.0, 0.06321512231797025, 0.06682737690973832, 0.06221498056178426, 0.0002821570472782806, 0.49332954035087734, 3, 0, 2, 1, 24, 14, 0, 0, 0, 62
100.0, 63.40310842413324, 64.3173148933729, 62.280486644524444, 0.2824690644066688, 494.34487771026863, 3, 0, 2, 1, 24, 13, 0, 0, 0, 63
200.0, 126.98419514131359, 127.53777109412492, 124.49843216322684, 0.5646527962972161, 989.0393804005892, 3, 0, 2, 1, 24, 13, 0, 0, 0, 63
300.0, 190.6995597562889, 189.70306771080857, 186.7163776819183, 0.8468365281877511, 1483.8639913599538, 3, 0, 2, 1, 24, 13, 0, 0, 0, 63
400.0, 254.4709048552371, 251.96886347904828, 248.9343232006047, 1.1290202600782848, 1978.6921902340089, 3, 0, 2, 1, 24, 13, 0, 0, 0, 63
500.0, 318.3002579284021, 314.3556473382509, 311.15226871929184, 1.4112039919687631, 2473.5752369075076, 3, 0, 2, 1, 24, 13, 0, 0, 0, 63
600.0, 382.18784168677524, 376.6126937050564, 373.3702142379818, 1.693387723859186, 2968.5315042146863, 3, 0, 2, 1, 24, 13, 0, 0, 1, 62
660.0, 420.48379635309215, 413.82561299757765, 410.6387636036771, 1.862415779261549, 3264.9965730554577, 3, 0, 2, 1, 24, 13, 0, 0, 1, 62
