time_seconds, weighted_integrated_cars, cars_entered, cars_exited, time_int_cars_exits, time_int_cars_main, LOSA_count, LOSB_count, LOSC_count, LOSD_count, LOSE_count, segment_LOSA_count, segment_LOSB_count, segment_LOSC_count, segment_LOSD_count, segment_LOSE_count
0.0, 0.06200256502617038, 0.06686286407325369, 0.058888888888888886, 0.00025222222222222226, 0.49821108095357697, 3, 0, 1, 2, 24, 14, 0, 0, 0, 64
100.0, 62.33261777897644, 66.91979960473017, 62.6397395346928, 0.28597151368217777, 499.67144267400903, 3, 0, 1, 2, 24, 14, 0, 0, 0, 64
200.0, 124.88896330420174, 133.76116502707794, 124.85472009647879, 0.5681285609604748, 1001.1467281190286, 3, 0, 1, 2, 24, 14, 0, 0, 0, 64
300.0, 187.71934361699684, 200.59569984831995, 187.06970065825382, 0.8502856082387722, 1504.9333740077086, 3, 0, 1, 2, 24, 14, 0, 0, 0, 64
400.0, 250.8239098311014, 267.4252469168424, 249.28468122002383, 1.1324426555170697, 2011.028497459536, 3, 0, 1, 2, 24, 14, 0, 0, 0, 64
420.0, 263.41440390253206, 280.7239398015524, 261.6654623518161, 1.188591907925451, 2112.0166347577574, 3, 0, 1, 2, 24, 14, 0, 0, 0, 64
