time_seconds, weighted_integrated_cars, cars_entered, cars_exited, time_int_cars_exits, time_int_cars_main, LOSA_count, LOSB_count, LOSC_count, LOSD_count, LOSE_count, segment_LOSA_count, segment_LOSB_count, segment_LOSC_count, segment_LOSD_count, segment_LOSE_count
0.0, 0.07991121805658374, 0.05951902155772634, 0.05951902257891825, 0.0003537991766414373, 0.6804390956834584, 2, 0, 0, 0, 28, 3, 0, 0, 0, 75
100.0, 79.77269693769563, 59.57854079218216, 64.19758229344619, 0.3960614071772146, 679.8288913644494, 2, 0, 0, 0, 28, 3, 0, 0, 0, 75
200.0, 158.99872150789983, 119.0975891530177, 127.87790279303768, 0.787312265104745, 1356.8796502665505, 2, 0, 0, 0, 28, 3, 0, 0, 0, 75
300.0, 237.95791637228484, 178.6548164742189, 191.55822329262918, 1.1785631230322848, 2031.8556410410495, 2, 0, 0, 0, 28, 3, 0, 0, 0, 75
400.0, 316.7193022475917, 238.31916763824216, 255.23854379222018, 1.5698139809598066, 2704.796717872157, 2, 0, 0, 0, 28, 3, 0, 0, 0, 75
420.0, 332.3792985459708, 250.19883637809767, 267.9109275716382, 1.6476729016873815, 2838.4735235738585, 2, 0, 0, 0, 28, 3, 0, 0, 0, 75
