time_seconds, weighted_integrated_cars, cars_entered, cars_exited, time_int_cars_exits, time_int_cars_main, LOSA_count, LOSB_count, LOSC_count, LOSD_count, LOSE_count, segment_LOSA_count, segment_LOSB_count, segment_LOSC_count, segment_LOSD_count, segment_LOSE_count
0.0, 0.07859295101369515, 0.05969926983660157, 0.06368032049959446, 0.0003912508579275232, 0.6554385054236485, 2, 0, 0, 0, 28, 3, 0, 0, 0, 73
100.0, 78.63610620416787, 58.35681130078761, 63.74007006261308, 0.3916064451290809, 654.7519603021096, 2, 0, 0, 0, 28, 3, 0, 0, 0, 73
200.0, 157.1393399268872, 116.83098046525134, 127.4168493392495, 0.7828254320500154, 1306.1672014407275, 2, 0, 0, 0, 28, 3, 0, 0, 0, 73
300.0, 235.60426533574204, 176.81717043446807, 191.09362861588755, 1.17404441897095, 1955.2968963966325, 2, 0, 0, 0, 28, 3, 0, 0, 0, 73
400.0, 314.04867919706425, 238.43879624491908, 254.7704078925256, 1.5652634058918846, 2603.062987241764, 2, 0, 0, 0, 28, 3, 0, 0, 0, 73
500.0, 392.48053740903805, 300.5572904482185, 318.44718716916367, 1.9564823928128192, 3249.9256248137863, 2, 0, 0, 0, 28, 3, 0, 0, 0, 73
600.0, 470.90434567077256, 363.2592036766181, 382.1239664458017, 2.347701379733754, 3896.1532214986833, 2, 0, 0, 0, 28, 3, 0, 0, 0, 73
660.0, 517.8781505749072, 401.0071213271868, 420.26635723250786, 2.582041552899393, 4283.050907100035, 2, 0, 0, 0, 28, 3, 0, 0, 0, 73
