time_seconds, weighted_integrated_cars, cars_entered, cars_exited, time_int_cars_exits, time_int_cars_main, LOSA_count, LOSB_count, LOSC_count, LOSD_count, LOSE_count, segment_LOSA_count, segment_LOSB_count, segment_LOSC_count, segment_LOSD_count, segment_LOSE_count
0.0, 0.01623376621889164, 0.042452630175874216, 0.040915577428935555, 0.00017475882937638737, 0.2671457590980355, 16, 0, 2, 4, 8, 38, 0, 0, 2, 36
100.0, 16.230664179501133, 39.3650970265595, 40.97449161141343, 0.17501104600323306, 267.02596686927126, 16, 0, 2, 2, 10, 38, 0, 0, 0, 38
200.0, 32.13169263919426, 78.15234530236566, 80.98309029269566, 0.3461097739577886, 532.9474290897716, 16, 0, 2, 2, 10, 38, 0, 0, 1, 37
300.0, 47.84826600769119, 116.83340458146964, 119.42055096227942, 0.5109512025695305, 798.7336241125681, 16, 0, 2, 3, 9, 38, 1, 0, 0, 37
400.0, 63.50013457854734, 154.45402907791018, 157.27589975663264, 0.673469969932089, 1064.6475969820121, 15, 0, 3, 2, 10, 38, 0, 0, 0, 38
500.0, 79.15421014970391, 191.23781036909062, 195.11435777239743, 0.8359247788223774, 1330.1319829475422, 15, 0, 3, 2, 10, 37, 1, 0, 0, 38
600.0, 94.84189003447557, 227.98771493992407, 233.25593488273543, 0.9996030092899508, 1595.0463383350707, 15, 0, 3, 2, 10, 37, 0, 0, 1, 38
660.0, 104.24788088504076, 249.98504062112497, 255.88373754545438, 1.0967600827486303, 1753.4122268873612, 15, 0, 3, 2, 10, 37, 0, 0, 1, 38
