time_seconds, weighted_integrated_cars, cars_entered, cars_exited, time_int_cars_exits, time_int_cars_main, LOSA_count, LOSB_count, LOSC_count, LOSD_count, LOSE_count, segment_LOSA_count, segment_LOSB_count, segment_LOSC_count, segment_LOSD_count, segment_LOSE_count
0.0, 0.016225116537698748, 0.0426191158476901, 0.04022670773691221, 0.00016646284597274976, 0.27668300108352345, 18, 0, 1, 3, 8, 40, 0, 0, 0, 38
100.0, 16.16942848403995, 42.65009477533943, 41.37068247087452, 0.17726608237772823, 277.2148749434274, 18, 0, 1, 3, 8, 40, 0, 0, 0, 38
200.0, 32.308488985365614, 85.26299213203401, 81.73198371470349, 0.34981363822269046, 555.1109428590643, 18, 0, 1, 3, 8, 40, 0, 0, 0, 38
300.0, 48.526613418312905, 127.7708508860283, 122.48293706611135, 0.5239149034386621, 833.9974522762591, 16, 2, 1, 3, 8, 38, 2, 0, 0, 38
400.0, 64.79725568756854, 170.22625828303754, 163.29480784349946, 0.6982604618650049, 1113.7331536847873, 16, 0, 3, 3, 8, 38, 0, 2, 0, 38
420.0, 68.04130759528209, 178.67468087617289, 171.43666109810496, 0.7330362284581481, 1169.496216713638, 16, 0, 1, 5, 8, 38, 0, 0, 2, 38
