time_seconds, weighted_integrated_cars, cars_entered, cars_exited, time_int_cars_exits, time_int_cars_main, LOSA_count, LOSB_count, LOSC_count, LOSD_count, LOSE_count, segment_LOSA_count, segment_LOSB_count, segment_LOSC_count, segment_LOSD_count, segment_LOSE_count
0.0, 0.03812167577213892, 0.0641891137958569, 0.05833333333333333, 0.00024722222222222224, 0.4360449785691684, 3, 0, 2, 4, 21, 16, 1, 0, 1, 60
100.0, 38.302533299938865, 64.25276537375385, 61.46839329389408, 0.27538450197849973, 437.08670474853113, 3, 0, 2, 3, 22, 16, 1, 0, 0, 61
200.0, 76.64348636041194, 128.40095290843036, 122.57355241752298, 0.5475531563133846, 875.2611291317602, 3, 0, 2, 3, 22, 16, 1, 0, 0, 61
300.0, 115.05099244168828, 192.50601164557935, 183.67871154114198, 0.8197218106482713, 1314.942843250089, 3, 0, 2, 3, 22, 16, 1, 0, 0, 61
400.0, 153.36174364572838, 255.69475781343252, 244.78387066475668, 1.0918904649831582, 1755.9256454691267, 3, 0, 2, 3, 22, 16, 1, 0, 0, 61
420.0, 160.93742329933758, 268.23953731189175, 256.943797330356, 1.1460520271958006, 1843.7979280270297, 3, 0, 2, 3, 22, 16, 1, 0, 0, 61
