time_seconds, weighted_integrated_cars, cars_entered, cars_exited, time_int_cars_exits, time_int_cars_main, LOSA_count, LOSB_count, LOSC_count, LOSD_count, LOSE_count, segment_LOSA_count, segment_LOSB_count, segment_LOSC_count, segment_LOSD_count, segment_LOSE_count
0.0, 0.07859318402075069, 0.05969924490223584, 0.06367956490475658, 0.0003912440575739823, 0.6554401147147689, 2, 0, 0, 0, 28, 3, 0, 0, 0, 73
100.0, 78.63611966952455, 58.35678053245205, 63.74410324717968, 0.39164309329678665, 654.7524149157954, 2, 0, 0, 0, 28, 3, 0, 0, 0, 73
200.0, 157.13887577213546, 116.83088467668108, 127.42444182537487, 0.7828941139317486, 1306.1662902195812, 2, 0, 0, 0, 28, 3, 0, 0, 0, 73
300.0, 235.60304199400468, 176.81687403853223, 191.10478040357006, 1.1741451345667198, 1955.2927773598276, 2, 0, 0, 0, 28, 3, 0, 0, 0, 73
400.0, 314.0464749604644, 238.43817309978937, 254.78511898176524, 1.5653961552016726, 2603.053741275575, 2, 0, 0, 0, 28, 3, 0, 0, 0, 73
500.0, 392.477237779633, 300.55633779024885, 318.46545755996044, 1.9566471758366162, 3249.9093088953173, 2, 0, 0, 0, 28, 3, 0, 0, 0, 73
600.0, 470.89989206109516, 363.2579537464096, 382.1457961381557, 2.3478981964715597, 3896.1278937759057, 2, 0, 0, 0, 28, 3, 0, 0, 0, 73
660.0, 517.8729876080034, 401.0058189148577, 420.29031894649455, 2.5822575578318907, 4283.0192746366265, 2, 0, 0, 0, 28, 3, 0, 0, 0, 73
