time_seconds, weighted_integrated_cars, cars_entered, cars_exited, time_int_cars_exits, time_int_cars_main, LOSA_count, LOSB_count, LOSC_count, LOSD_count, LOSE_count, segment_LOSA_count, segment_LOSB_count, segment_LOSC_count, segment_LOSD_count, segment_LOSE_count
0.0, 0.07991121783108117, 0.05951907341286375, 0.05951902257891825, 0.0003537991766414373, 0.6804390389420744, 2, 0, 0, 0, 28, 3, 0, 0, 0, 75
100.0, 79.77273641705558, 59.578583210797994, 64.19674358317626, 0.39605379758160364, 679.8290802483727, 2, 0, 0, 0, 28, 3, 0, 0, 0, 75
200.0, 158.99888774438705, 119.09765865579692, 127.87630848792915, 0.7872978551555958, 1356.8804261691307, 2, 0, 0, 0, 28, 3, 0, 0, 0, 75
300.0, 237.95826011667066, 178.65489707191998, 191.5558733926821, 1.178541912729588, 2031.8573916818714, 2, 0, 0, 0, 28, 3, 0, 0, 0, 75
400.0, 316.7198623303441, 238.31923435565116, 255.23543829743497, 1.5697859703035801, 2704.7998204579285, 2, 0, 0, 0, 28, 3, 0, 0, 0, 75
420.0, 332.3799046454513, 250.19889828894185, 267.9076717134808, 1.6476435377608047, 2838.4769391317395, 2, 0, 0, 0, 28, 3, 0, 0, 0, 75
