time_seconds, weighted_integrated_cars, cars_entered, cars_exited, time_int_cars_exits, time_int_cars_main, LOSA_count, LOSB_count, LOSC_count, LOSD_count, LOSE_count, segment_LOSA_count, segment_LOSB_count, segment_LOSC_count, segment_LOSD_count, segment_LOSE_count
0.0, 0.07943293279591947, 0.06183577299576576, 0.05972222222222222, 0.0002597222222222222, 0.6750674301960807, 2, 0, 0, 0, 28, 3, 0, 0, 0, 75
100.0, 79.29761132665834, 61.89464955544478, 64.37033529486214, 0.301612290619718, 674.9888227153589, 2, 0, 0, 0, 28, 3, 0, 0, 0, 75
200.0, 158.058099002521, 123.61562077475696, 128.22624296791253, 0.598537681899388, 1348.263167100691, 2, 0, 0, 0, 28, 3, 0, 0, 0, 75
300.0, 236.56074874294052, 184.89434951961488, 192.082150640953, 0.895463073179058, 2020.3503254218786, 2, 0, 0, 0, 28, 3, 0, 0, 0, 75
400.0, 314.8725334347329, 245.81418234534283, 255.93805831398876, 1.1923884644587106, 2691.0849593190064, 2, 0, 0, 0, 28, 3, 0, 0, 0, 75
420.0, 330.4434009868731, 257.86547943984186, 268.6453839409222, 1.2514766173233594, 2824.375697670003, 2, 0, 0, 0, 28, 3, 0, 0, 0, 75
