time_seconds, weighted_integrated_cars, cars_entered, cars_exited, time_int_cars_exits, time_int_cars_main, LOSA_count, LOSB_count, LOSC_count, LOSD_count, LOSE_count, segment_LOSA_count, segment_LOSB_count, segment_LOSC_count, segment_LOSD_count, segment_LOSE_count
0.0, 0.07814550459086934, 0.060542827533496886, 0.0638559076730481, 0.00029692539127965524, 0.6535710768236412, 2, 0, 0, 0, 28, 3, 0, 0, 0, 73
100.0, 78.18748626854948, 59.09821532379544, 63.951500967995706, 0.2975102691279061, 653.0225144065583, 2, 0, 0, 0, 28, 3, 0, 0, 0, 73
200.0, 156.2402128799382, 118.08632334785332, 127.83600088183229, 0.5946929905746585, 1302.9206520679213, 2, 0, 0, 0, 28, 3, 0, 0, 0, 73
300.0, 234.253048147846, 178.40241570860684, 191.72050079565898, 0.8918757120214018, 1950.6343159542082, 2, 0, 0, 0, 28, 3, 0, 0, 0, 73
400.0, 312.2439039679314, 240.31728904060418, 255.60500070948135, 1.189058433468145, 2597.034473736165, 2, 0, 0, 0, 28, 3, 0, 0, 0, 73
500.0, 390.2215239846896, 302.6834272814483, 319.4895006233037, 1.4862411549148327, 3242.5629137333603, 2, 0, 0, 0, 28, 3, 0, 0, 0, 73
600.0, 468.19068820837157, 365.59998710742445, 383.3740005371261, 1.7834238763614647, 3887.4666209358807, 2, 0, 0, 0, 28, 3, 0, 0, 0, 73
660.0, 514.8920359721028, 403.4719622007464, 421.64081598550575, 1.9614363265079975, 4273.57203180337, 2, 0, 0, 0, 28, 3, 0, 0, 0, 73
