time_seconds, weighted_integrated_cars, cars_entered, cars_exited, time_int_cars_exits, time_int_cars_main, LOSA_count, LOSB_count, LOSC_count, LOSD_count, LOSE_count, segment_LOSA_count, segment_LOSB_count, segment_LOSC_count, segment_LOSD_count, segment_LOSE_count
0.0, 0.07784026487724562, 0.06801278562595345, 0.0638777266887485, 0.00029712176242095874, 0.6295549890184, 2, 0, 1, 1, 26, 5, 0, 0, 0, 71
100.0, 77.9099991801106, 66.41651909427634, 63.94262988193567, 0.29742818821320144, 630.8177423905446, 2, 0, 1, 1, 26, 5, 0, 0, 0, 71
200.0, 155.74187669642234, 132.49523765530853, 127.82128041437682, 0.5945582652274013, 1262.1595851037478, 2, 0, 1, 1, 26, 5, 0, 0, 0, 71
300.0, 233.5840887178797, 198.50381773222549, 191.69993094680808, 0.8916883422416013, 1894.5818279469136, 2, 0, 1, 1, 26, 5, 0, 0, 0, 71
400.0, 311.44046741134997, 264.6561480779081, 255.578581479235, 1.188818419255783, 2528.0996290814187, 2, 0, 1, 1, 26, 5, 0, 0, 0, 71
500.0, 389.31321768041556, 330.87993133827683, 319.4572320116619, 1.4859484962698997, 3162.7760512600075, 2, 0, 1, 1, 26, 5, 0, 0, 0, 71
600.0, 467.204053384011, 397.1906381457357, 383.33588254408886, 1.7830785732839607, 3798.643325438971, 2, 0, 1, 1, 26, 5, 0, 0, 0, 71
660.0, 513.8700026572742, 436.9273693824851, 421.5991942130126, 1.9610594894153834, 4180.119447927407, 2, 0, 1, 1, 26, 5, 0, 0, 0, 71
