time_seconds, weighted_integrated_cars, cars_entered, cars_exited, time_int_cars_exits, time_int_cars_main, LOSA_count, LOSB_count, LOSC_count, LOSD_count, LOSE_count, segment_LOSA_count, segment_LOSB_count, segment_LOSC_count, segment_LOSD_count, segment_LOSE_count
0.0, 0.07891371687726292, 0.07249961942293824, 0.05972222222222222, 0.0002597222222222222, 0.6335604468664567, 2, 0, 1, 1, 26, 5, 1, 0, 1, 71
100.0, 78.80882663179915, 72.26422516844185, 64.39455440228964, 0.30183202992683494, 636.066623506191, 2, 0, 1, 1, 26, 5, 0, 1, 0, 72
200.0, 157.13549262975135, 141.79306492874406, 128.27228109103967, 0.5989537923478043, 1275.026830966634, 2, 0, 1, 1, 26, 5, 0, 0, 1, 72
300.0, 235.24901414783315, 210.64242829156396, 192.15000777977977, 0.896075554768783, 1916.561014634321, 2, 0, 1, 1, 26, 5, 0, 0, 1, 72
400.0, 313.21866618106367, 279.11778850708055, 256.02773446851603, 1.1931973171897616, 2560.4963992254925, 2, 0, 1, 1, 26, 5, 0, 0, 0, 73
420.0, 328.7275618229041, 292.66835914703165, 268.7394020795752, 1.2523245479115366, 2688.9058836051468, 2, 0, 1, 1, 26, 5, 0, 0, 0, 73
