time_seconds, weighted_integrated_cars, cars_entered, cars_exited, time_int_cars_exits, time_int_cars_main, LOSA_count, LOSB_count, LOSC_count, LOSD_count, LOSE_count, segment_LOSA_count, segment_LOSB_count, segment_LOSC_count, segment_LOSD_count, segment_LOSE_count
0.0, 0.05251330610717403, 0.05319408550648016, 0.05743568924558492, 0.0003350491766414373, 0.48329481269549446, 3, 0, 1, 3, 23, 14, 0, 1, 0, 63
100.0, 51.85962895628544, 53.250584498736885, 59.80246305322989, 0.35633678815179054, 482.0719850614693, 3, 0, 1, 3, 23, 14, 0, 1, 0, 63
200.0, 102.09632771556132, 106.45213216272931, 119.31863709016304, 0.7101103279154035, 960.4938088170195, 3, 0, 1, 3, 23, 14, 1, 0, 0, 63
300.0, 150.7582326205625, 159.65614742505556, 178.83481112709703, 1.0638838676790165, 1435.7591480800709, 3, 0, 1, 3, 23, 14, 1, 0, 0, 63
400.0, 197.84558921079451, 212.86098490424698, 238.3509851640308, 1.4176574074426296, 1907.868561420573, 3, 0, 1, 3, 23, 14, 1, 0, 0, 63
420.0, 207.02811849065185, 223.44888717811327, 250.1947037973803, 1.4880583418555886, 2001.4418790735974, 3, 0, 1, 3, 23, 14, 1, 0, 0, 63
