time_seconds, weighted_integrated_cars, cars_entered, cars_exited, time_int_cars_exits, time_int_cars_main, LOSA_count, LOSB_count, LOSC_count, LOSD_count, LOSE_count, segment_LOSA_count, segment_LOSB_count, segment_LOSC_count, segment_LOSD_count, segment_LOSE_count
0.0, 0.04590272723316218, 0.05320554952610679, 0.05951617403693695, 0.00035377353976360555, 0.45513237369067006, 3, 0, 3, 1, 23, 14, 1, 0, 0, 61
100.0, 45.1560728698428, 50.92181979867718, 59.57590228010505, 0.3541292374008821, 453.43582014180834, 3, 0, 3, 1, 23, 15, 0, 0, 0, 61
200.0, 88.68422975149285, 101.37010415390523, 119.09226737031108, 0.7079044966439472, 901.9773674221162, 3, 0, 3, 1, 23, 15, 0, 0, 0, 61
300.0, 130.62728549803538, 152.24311575810563, 178.60863246051628, 1.0616797558870168, 1346.0677308828322, 3, 0, 3, 1, 23, 15, 0, 0, 0, 61
400.0, 170.9888386513397, 203.56830690272707, 238.12499755072147, 1.415455015130077, 1785.9520297469653, 3, 0, 3, 1, 23, 15, 0, 0, 0, 61
500.0, 209.95637379806297, 255.2669593193403, 295.12821843462615, 1.6873834905494391, 2222.37577025383, 3, 0, 3, 1, 23, 15, 0, 0, 1, 60
600.0, 248.1640599408215, 307.19046325272757, 351.15107429651647, 1.9322945842902801, 2656.6546503841646, 3, 0, 3, 1, 23, 15, 0, 0, 1, 60
660.0, 270.6995051926711, 338.39594255855894, 384.66757908811746, 2.0788301719784053, 2915.829882349053, 3, 0, 3, 1, 23, 15, 0, 0, 1, 60
