time_seconds, weighted_integrated_cars, cars_entered, cars_exited, time_int_cars_exits, time_int_cars_main, LOSA_count, LOSB_count, LOSC_count, LOSD_count, LOSE_count, segment_LOSA_count, segment_LOSB_count, segment_LOSC_count, segment_LOSD_count, segment_LOSE_count
0.0, 0.07624169207783663, 0.07053330987535972, 0.05944444444444444, 0.0002572222222222222, 0.5682987852632808, 2, 1, 1, 1, 25, 11, 0, 0, 0, 67
100.0, 76.34588176655609, 70.59774340021819, 63.8100254223548, 0.296548904830509, 570.4378395547192, 2, 1, 1, 1, 25, 11, 0, 0, 0, 67
200.0, 152.61187064883515, 141.11517300018775, 127.13387214920134, 0.5886857475943494, 1143.890515969329, 2, 0, 2, 1, 25, 10, 1, 0, 0, 67
300.0, 228.89015514417065, 211.66174609951435, 190.457718876038, 0.8808225903581787, 1720.9437274880233, 2, 0, 2, 1, 25, 9, 0, 0, 1, 68
400.0, 305.20902512784096, 281.12669516299405, 253.78156560287033, 1.1729594331220194, 2301.4652193201514, 2, 0, 2, 1, 25, 9, 0, 0, 0, 69
420.0, 320.4075943355239, 294.7748400273884, 266.38301110150996, 1.231094664832027, 2417.3217957036495, 2, 0, 2, 1, 25, 9, 0, 0, 0, 69
