time_seconds, weighted_integrated_cars, cars_entered, cars_exited, time_int_cars_exits, time_int_cars_main, LOSA_count, LOSB_count, LOSC_count, LOSD_count, LOSE_count, segment_LOSA_count, segment_LOSB_count, segment_LOSC_count, segment_LOSD_count, segment_LOSE_count
0.0, 0.07630439207077977, 0.06858549635043926, 0.06332384672684531, 0.00029213684276383, 0.5680741886000723, 2, 0, 3, 0, 25, 9, 0, 0, 0, 67
100.0, 76.42641722548103, 66.09364881653565, 63.38755608376741, 0.29243247733017325, 569.3299929626284, 2, 0, 3, 0, 25, 9, 0, 0, 0, 67
200.0, 152.86639597230686, 131.54569763730666, 126.71175011709536, 0.5845724458523474, 1139.3060148561926, 2, 0, 3, 0, 25, 9, 0, 0, 0, 67
300.0, 229.36971359021481, 197.09504518276628, 190.03594415041508, 0.8767124143745105, 1710.347392393096, 2, 0, 3, 0, 25, 9, 0, 0, 0, 67
400.0, 305.9169733158152, 262.405554304674, 253.36013818373058, 1.1688523828966737, 2282.4442677374805, 2, 0, 3, 0, 25, 8, 1, 0, 0, 67
500.0, 382.49548994756566, 327.8117463658273, 316.68433221704606, 1.4609923514187813, 2855.558893004579, 2, 0, 3, 0, 25, 8, 0, 1, 0, 67
600.0, 459.10696647362045, 393.1477120075797, 380.00852625036157, 1.7531323199408335, 3429.697271736149, 2, 0, 3, 0, 25, 8, 0, 0, 1, 67
660.0, 505.0124249271066, 432.31434560567226, 417.93971847631764, 1.9281241610855429, 3774.091767269363, 2, 0, 3, 0, 25, 8, 0, 0, 0, 68
