time_seconds, weighted_integrated_cars, cars_entered, cars_exited, time_int_cars_exits, time_int_cars_main, LOSA_count, LOSB_count, LOSC_count, LOSD_count, LOSE_count, segment_LOSA_count, segment_LOSB_count, segment_LOSC_count, segment_LOSD_count, segment_LOSE_count
0.0, 0.036470348561835945, 0.08125, 0.055352355912251586, 0.0003162991766414373, 0.1669703748440148, 20, 4, 0, 1, 0, 29, 11, 20, 3, 0
10.0, 3.71520176665191, 8.185382451694055, 5.5905879471374185, 0.03194621684078512, 16.928383307772364, 20, 4, 0, 1, 0, 35, 13, 12, 3, 0
20.0, 7.458189027955798, 16.31038245169397, 11.125823538362592, 0.06357613450492881, 33.819257186518854, 20, 4, 0, 1, 0, 36, 12, 11, 4, 0
30.0, 11.261301644333047, 24.43538245169397, 16.661059129587766, 0.09520605216907317, 50.83961928570407, 20, 4, 0, 1, 0, 37, 10, 10, 6, 0
40.0, 15.116836004242085, 32.558459374952115, 22.19629472081294, 0.12683596983321752, 67.98943077664855, 20, 4, 0, 1, 0, 38, 9, 9, 7, 0
50.0, 19.02289337045435, 40.68345937477097, 27.731530312038114, 0.15846588749736187, 85.26867316286527, 19, 5, 0, 1, 0, 39, 6, 5, 12, 1
60.0, 22.97963437334817, 48.8034593772437, 33.266765903263206, 0.19009580516150623, 102.6772360281215, 19, 5, 0, 1, 0, 38, 7, 5, 11, 2
70.0, 26.98703464935862, 56.928459374771066, 38.802001494488024, 0.2217257228256506, 120.21520485522069, 19, 5, 0, 1, 0, 39, 6, 5, 8, 5
80.0, 31.041454451055017, 65.05345937472481, 44.33723708571284, 0.2533556404897949, 137.88266190275291, 18, 6, 0, 1, 0, 38, 7, 4, 8, 6
90.0, 35.13459125014756, 73.17845936649624, 49.87247267693766, 0.2849855581539393, 155.67960717064227, 18, 5, 1, 1, 0, 37, 8, 4, 8, 6
100.0, 39.265930605052965, 81.30345802549657, 55.40770826816248, 0.31661547581808364, 173.60604064552064, 18, 4, 2, 1, 0, 37, 8, 4, 7, 7
110.0, 43.43524467925114, 89.42827502071223, 60.9429438593873, 0.348245393482228, 191.66196035809193, 18, 4, 3, 0, 0, 38, 7, 3, 6, 9
120.0, 47.642784817603285, 97.55429294412679, 66.47817945061212, 0.37987531114637235, 209.84739500699771, 18, 4, 3, 0, 0, 38, 6, 4, 4, 11
130.0, 51.88705050234739, 105.67916244649862, 72.01341504183694, 0.4115052288105167, 228.16233000189558, 18, 3, 4, 0, 0, 38, 6, 4, 5, 10
140.0, 56.16355622096948, 113.80845130624843, 77.54865063306175, 0.44313514647466107, 246.6067925244911, 18, 3, 4, 0, 0, 38, 5, 5, 3, 12
150.0, 60.46817710509696, 121.93090108733765, 83.08388622428657, 0.4747650641388054, 265.18086044584885, 18, 3, 4, 0, 0, 38, 5, 3, 5, 12
160.0, 64.80072010683361, 130.05585480351772, 88.61912181551139, 0.5063949818029497, 283.8843444934592, 17, 4, 4, 0, 0, 38, 5, 3, 5, 12
170.0, 69.15426614734098, 138.18077583674523, 94.15435740673621, 0.5380248994670941, 302.7173132371254, 17, 4, 4, 0, 0, 39, 4, 3, 5, 12
180.0, 73.51809470729725, 146.30539306913442, 99.68959299796103, 0.5696548171312384, 321.6797630993648, 17, 4, 4, 0, 0, 39, 4, 2, 6, 12
190.0, 77.89166845400001, 154.4287365478918, 105.22482858918585, 0.6012847347953828, 340.771641327406, 17, 4, 3, 1, 0, 39, 4, 2, 6, 12
200.0, 82.27658011488592, 162.55347661404744, 110.76006418041067, 0.6329146524595272, 359.99296273297125, 17, 4, 3, 1, 0, 38, 5, 1, 7, 12
210.0, 86.67805751936565, 170.67691062331681, 116.29529977163548, 0.6645445701236715, 379.34373494935323, 17, 4, 3, 1, 0, 38, 6, 0, 6, 13
220.0, 91.09673245369572, 178.80188859155237, 121.8305353628603, 0.6961744877878159, 398.82394744175974, 17, 4, 3, 1, 0, 38, 6, 0, 6, 13
230.0, 95.53269010541665, 186.92685290255815, 127.36577095408512, 0.7278044054519602, 418.4336493214569, 17, 4, 4, 0, 0, 39, 5, 0, 7, 12
240.0, 99.98590840125364, 195.05071394880702, 132.90100654530994, 0.7594343231161046, 438.1728169383709, 17, 4, 4, 0, 0, 38, 7, 0, 5, 13
250.0, 104.45616358782961, 203.17474944492386, 138.43624213653476, 0.791064240780249, 458.04140567455187, 17, 4, 4, 0, 0, 39, 5, 1, 5, 13
260.0, 108.94332866441476, 211.29941506130788, 143.97147772775958, 0.8226941584443933, 478.0394584570595, 18, 3, 4, 0, 0, 39, 5, 1, 4, 14
270.0, 113.44728414076185, 219.420061093743, 149.5067133189844, 0.8543240761085377, 498.166876382849, 18, 3, 4, 0, 0, 39, 5, 1, 4, 14
280.0, 117.96720975736352, 227.54414434699487, 155.04194891020921, 0.885953993772682, 518.4236482454791, 18, 3, 3, 1, 0, 39, 5, 1, 4, 14
290.0, 122.49678219885966, 235.66853998784234, 160.57718450143403, 0.9175839114368264, 538.8098791673107, 18, 3, 2, 2, 0, 38, 6, 0, 5, 14
300.0, 127.02582472717852, 243.79222317630519, 166.11242009265885, 0.9492138291009707, 559.3255500701184, 18, 3, 2, 2, 0, 38, 5, 1, 5, 14
310.0, 131.54812463255334, 251.91580841216356, 171.64765568388367, 0.9808437467651151, 579.9706382602765, 18, 3, 2, 2, 0, 38, 4, 2, 4, 15
320.0, 136.06356991822332, 260.03953153427557, 177.1828912751085, 1.0124736644292593, 600.7451464568658, 18, 3, 2, 2, 0, 38, 5, 1, 4, 15
330.0, 140.57207769991766, 268.16359310043424, 182.7181268663333, 1.0441035820934037, 621.6490881766023, 18, 3, 2, 1, 1, 39, 4, 1, 3, 16
340.0, 145.07382653735667, 276.2875721258067, 188.25336245755813, 1.075733499757548, 642.6824708431549, 19, 2, 2, 1, 1, 40, 3, 1, 3, 16
350.0, 149.57100625890604, 284.4115686285997, 193.78859804878294, 1.1073634174216924, 663.8452888994447, 19, 1, 3, 1, 1, 38, 5, 0, 4, 16
360.0, 154.06576009475694, 292.5358885607744, 199.32383364000776, 1.1389933350858368, 685.1375532631633, 19, 1, 3, 1, 1, 38, 5, 0, 3, 17
370.0, 158.5603984646358, 300.66030233792173, 204.85906923123258, 1.1706232527499811, 706.5592769835754, 19, 1, 3, 1, 1, 38, 5, 0, 3, 17
380.0, 163.04588492420046, 308.782826439283, 210.3943048224574, 1.2022531704141255, 728.1104216134426, 19, 1, 3, 1, 1, 38, 5, 0, 3, 17
390.0, 167.51882843889996, 316.9018794949015, 215.92954041368222, 1.2338830880782699, 749.7908496608286, 19, 1, 3, 1, 1, 38, 5, 0, 3, 17
400.0, 171.97957041015349, 325.01575541110367, 221.46477600490704, 1.2655130057424142, 771.6003465229074, 19, 1, 3, 1, 1, 38, 5, 0, 3, 17
410.0, 176.42821311715036, 333.1124622913502, 227.00001159613186, 1.2971429234065586, 793.538414911519, 19, 1, 3, 1, 1, 38, 3, 2, 2, 18
420.0, 180.86496620001967, 341.187277892165, 232.53524718735667, 1.328772841070703, 815.603987714353, 19, 1, 3, 1, 1, 38, 3, 2, 2, 18
430.0, 185.29056681213706, 349.2435127739856, 238.0704827785815, 1.3604027587348473, 837.7960581405268, 19, 1, 3, 1, 1, 38, 3, 2, 2, 18
440.0, 189.70574091994504, 357.2851209719052, 243.6057183698063, 1.3920326763989916, 860.1137878432397, 19, 1, 3, 1, 1, 38, 3, 2, 2, 18
450.0, 194.11083744544925, 365.3173632804822, 249.14095396103113, 1.423662594063136, 882.5565797678777, 19, 1, 3, 1, 1, 38, 3, 2, 2, 18
460.0, 198.5060312043713, 373.34332804187403, 254.67618955225595, 1.4552925117272804, 905.1240586587143, 19, 1, 3, 1, 1, 38, 3, 0, 4, 18
470.0, 202.89140331345502, 381.36214861807656, 260.21142514348077, 1.4869224293914247, 927.815905107226, 19, 1, 3, 1, 1, 38, 3, 0, 4, 18
480.0, 207.26698201398165, 389.3701877142008, 265.7466607347056, 1.518552347055569, 950.6316748596403, 19, 1, 3, 1, 1, 38, 3, 0, 4, 18
490.0, 211.63279267774712, 397.36484740792497, 271.2818963259304, 1.5501822647197134, 973.5707512279103, 19, 1, 3, 1, 1, 38, 3, 0, 4, 18
500.0, 215.9890147846129, 405.3462476762927, 276.8171319171552, 1.5818121823838578, 996.6324600642133, 19, 1, 3, 1, 1, 38, 3, 0, 4, 18
510.0, 220.33576871292416, 413.30308945680315, 282.35236750838004, 1.6134421000480021, 1019.8160323944526, 19, 1, 3, 1, 1, 38, 3, 1, 3, 18
520.0, 224.67303175528204, 421.2027284819923, 287.88760309960486, 1.6450720177121465, 1043.1191073866878, 19, 1, 3, 1, 1, 38, 3, 1, 1, 20
530.0, 229.00042936581193, 429.0825166547013, 293.4228386908297, 1.6767019353762909, 1066.539884306468, 18, 2, 3, 1, 1, 37, 4, 1, 1, 20
540.0, 233.31718972719355, 436.94071673352556, 298.9580742820545, 1.7083318530404352, 1090.0773606549692, 18, 1, 4, 1, 1, 36, 4, 2, 1, 20
550.0, 237.62305465887704, 444.7760995026577, 304.4933098732793, 1.7399617707045796, 1113.7304091466713, 18, 0, 4, 2, 1, 36, 4, 1, 2, 20
560.0, 241.91811224848763, 452.58950495389297, 310.02854546450413, 1.771591688368724, 1137.4979027157774, 18, 0, 4, 1, 2, 36, 4, 1, 0, 22
570.0, 246.2026265890953, 460.3819198507941, 315.56378105572895, 1.8032216060328683, 1161.3787785322004, 18, 0, 4, 1, 2, 36, 4, 1, 0, 22
580.0, 250.47668362030907, 468.14708858508476, 321.09901664695377, 1.8348515236970127, 1185.3718732514376, 18, 0, 4, 1, 2, 36, 3, 2, 0, 22
590.0, 254.74022913072085, 475.87886357512366, 326.6342522381786, 1.866481441361157, 1209.475604020969, 18, 0, 4, 1, 2, 36, 3, 2, 0, 22
600.0, 258.99386627014275, 483.58924055201487, 332.1694878294034, 1.8981113590253014, 1233.6885602420994, 18, 0, 4, 1, 2, 36, 3, 2, 0, 22
610.0, 263.24072465887997, 491.28857766350166, 337.7047234206282, 1.9297412766894457, 1258.0099690015315, 17, 1, 4, 1, 2, 35, 4, 2, 0, 22
620.0, 267.4865974727881, 498.98041873267385, 343.23995901185305, 1.96137119435359, 1282.4393882732495, 17, 0, 5, 1, 2, 35, 3, 2, 1, 22
630.0, 271.73390564645854, 506.652641017712, 348.77519460307786, 1.9930011120177344, 1306.9762795389154, 17, 0, 5, 1, 2, 35, 3, 2, 1, 22
640.0, 275.98253308744046, 514.2784588181664, 354.3104301943027, 2.0246310296818786, 1331.6188502723278, 17, 0, 4, 2, 2, 35, 3, 1, 2, 22
650.0, 280.23580769338304, 521.8808631206363, 359.8456657855275, 2.056260947346023, 1356.3652333533785, 16, 1, 4, 2, 2, 34, 4, 1, 2, 22
660.0, 284.4977039506974, 529.4771655325908, 365.3809013767523, 2.0878908650101673, 1381.2147917810646, 16, 0, 5, 1, 3, 34, 3, 2, 1, 23
670.0, 288.7755772359804, 537.0709990569464, 370.91613696797714, 2.1195207826743117, 1406.167334902282, 16, 0, 4, 2, 3, 34, 3, 1, 2, 23
680.0, 293.07066641389713, 544.6630224717634, 376.45137255920196, 2.151150700338456, 1431.2227626182842, 15, 1, 4, 2, 3, 33, 4, 1, 2, 23
690.0, 297.3819812654493, 552.2525161659235, 381.9866081504268, 2.1827806180026004, 1456.3809712810116, 15, 1, 4, 1, 4, 33, 4, 1, 0, 25
700.0, 301.7044220989, 559.8377124468473, 387.5218437416516, 2.2144105356667447, 1481.6417934249644, 14, 2, 4, 1, 4, 32, 5, 1, 0, 25
710.0, 306.0321772505313, 567.4162635263518, 393.0570793328764, 2.246040453330889, 1507.0049556671993, 14, 2, 4, 1, 4, 32, 5, 1, 0, 25
720.0, 310.3700949961653, 574.9862979528048, 398.59231492410123, 2.2776703709950334, 1532.4700736984016, 14, 2, 4, 1, 4, 32, 5, 1, 0, 25
730.0, 314.72482764168075, 582.5473250438025, 404.12755051532605, 2.309300288659178, 1558.0367037928172, 14, 2, 4, 1, 4, 32, 5, 1, 0, 25
740.0, 319.0966944643141, 590.0995497166037, 409.66278610655087, 2.340930206323322, 1583.70440061478, 14, 2, 4, 1, 4, 32, 5, 1, 0, 25
750.0, 323.4854188308579, 597.6428196478349, 415.1980216977757, 2.3725601239874665, 1609.4727226928403, 14, 2, 4, 1, 4, 33, 4, 1, 0, 25
760.0, 327.8914398000838, 605.1764378611321, 420.7332572890005, 2.404190041651611, 1635.3412064588065, 14, 2, 4, 1, 4, 32, 5, 1, 0, 25
770.0, 332.31874380289435, 612.6995704376454, 426.2684928802253, 2.4358199593157552, 1661.3093473795632, 14, 2, 4, 1, 4, 32, 5, 1, 0, 25
780.0, 336.7641967358275, 620.2119947128273, 431.80372847145014, 2.4674498769798996, 1687.3766116846703, 14, 2, 4, 1, 4, 31, 5, 2, 0, 25
790.0, 341.224431257678, 627.71415863238, 437.33896406267496, 2.499079794644044, 1713.5424747040936, 14, 1, 5, 1, 4, 31, 3, 4, 0, 25
800.0, 345.69693324102695, 635.2057279845617, 442.8741996538998, 2.5307097123081883, 1739.8064216795035, 14, 1, 5, 1, 4, 31, 3, 2, 2, 25
810.0, 350.18274689043375, 642.684827995126, 448.4094352451246, 2.5623396299723327, 1766.1678797176903, 14, 0, 6, 1, 4, 31, 2, 3, 1, 26
820.0, 354.68626742962846, 650.1501385242392, 453.9446708363494, 2.593969547636477, 1792.6261827885037, 14, 0, 5, 2, 4, 31, 2, 3, 1, 26
830.0, 359.20282999416804, 657.6032853434889, 459.47990642757424, 2.6255994653006214, 1819.1806700684172, 14, 0, 5, 2, 4, 31, 2, 3, 0, 27
840.0, 363.7268303490813, 665.0473169000813, 465.01514201879905, 2.6572293829647657, 1845.8308116437202, 14, 0, 5, 2, 4, 31, 2, 3, 0, 27
850.0, 368.2573373483902, 672.4839702526955, 470.5503776100239, 2.68885930062891, 1872.5762030659075, 14, 0, 5, 2, 4, 31, 2, 3, 0, 27
860.0, 372.8005017936731, 679.9122060640015, 476.0856132012487, 2.7204892182930545, 1899.4164541179366, 14, 0, 5, 2, 4, 31, 2, 3, 0, 27
870.0, 377.35963737539555, 687.3361408684899, 481.6208487924735, 2.752119135957199, 1926.3512369502719, 14, 0, 5, 2, 4, 31, 2, 3, 0, 27
880.0, 381.93468751264237, 694.7557807897349, 487.1560843836983, 2.783749053621343, 1953.3803400861912, 14, 0, 4, 3, 4, 30, 3, 2, 1, 27
890.0, 386.5251599132036, 702.1510341473149, 492.69131997492315, 2.8153789712854875, 1980.5033696051628, 14, 0, 3, 4, 4, 30, 3, 2, 1, 27
900.0, 391.1307590175996, 709.4884286755977, 498.22655556614797, 2.847008888949632, 2007.717642208326, 14, 0, 2, 5, 4, 30, 3, 1, 2, 27
910.0, 395.7506819469917, 716.8215692723672, 503.7617911573728, 2.8786388066137762, 2035.0218857863067, 14, 0, 2, 5, 4, 30, 2, 2, 2, 27
920.0, 400.385925963507, 724.1522688294633, 509.2970267485976, 2.9102687242779206, 2062.4159630243316, 14, 0, 2, 5, 4, 30, 2, 2, 2, 27
930.0, 405.036053697409, 731.4804254167029, 514.8322623398253, 2.941898641942065, 2089.899749962358, 14, 0, 2, 5, 4, 30, 2, 1, 3, 27
940.0, 409.7020387622602, 738.8057817517426, 520.3674979310558, 2.9735285596062093, 2117.473114048415, 14, 0, 2, 5, 4, 30, 2, 1, 3, 27
950.0, 414.38398751326196, 746.1259034620051, 525.9027335222863, 3.0051584772703537, 2145.1358773628535, 14, 0, 2, 5, 4, 30, 2, 1, 3, 27
960.0, 419.08061417569223, 753.4289771370287, 531.4379691135168, 3.036788394934498, 2172.8875134873488, 14, 0, 2, 5, 4, 30, 2, 1, 2, 28
970.0, 423.79281477791454, 760.7138278478005, 536.9732047047473, 3.0684183125986424, 2200.7270304571794, 14, 0, 2, 5, 4, 30, 2, 1, 2, 28
980.0, 428.5189389823014, 767.9918399756586, 542.5084402959778, 3.1000482302627868, 2228.653827064008, 14, 0, 2, 5, 4, 30, 2, 1, 2, 28
990.0, 433.26062019595685, 775.2660234854785, 548.0436758872083, 3.131678147926931, 2256.667663083743, 14, 0, 2, 5, 4, 29, 3, 1, 2, 28
1000.0, 438.018746256751, 782.536547177804, 553.5789114784388, 3.1633080655910755, 2284.768355239621, 14, 0, 2, 5, 4, 29, 3, 1, 2, 28
1010.0, 442.7926439321303, 789.8018887475208, 559.1141470696693, 3.19493798325522, 2312.955694511038, 14, 0, 1, 6, 4, 29, 3, 1, 2, 28
1020.0, 447.5827753149303, 797.0569960899682, 564.6493826608998, 3.226567900919364, 2341.2293055090577, 14, 0, 1, 5, 5, 29, 3, 1, 1, 29
1030.0, 452.38779298073956, 804.2989712321909, 570.1846182521303, 3.2581978185835085, 2369.588573414686, 14, 0, 1, 4, 6, 29, 3, 1, 0, 30
1040.0, 457.20853211452174, 811.5320632872567, 575.7198538433609, 3.289827736247653, 2398.0329296767154, 14, 0, 1, 4, 6, 29, 3, 1, 0, 30
1050.0, 462.04560317156927, 818.7607634211163, 581.2550894345914, 3.3214576539117973, 2426.562056079921, 14, 0, 1, 4, 6, 29, 3, 1, 0, 30
1060.0, 466.89970131591554, 825.9866773076506, 586.7903250258219, 3.3530875715759416, 2455.175782472713, 14, 0, 1, 4, 6, 29, 3, 1, 0, 30
1070.0, 471.7707356979494, 833.2099603879584, 592.3255606170524, 3.384717489240086, 2483.873978723517, 14, 0, 1, 4, 6, 29, 3, 1, 0, 30
1080.0, 476.65869864431403, 840.4290466642349, 597.8607962082829, 3.4163474069042303, 2512.6564784325183, 14, 0, 1, 4, 6, 29, 3, 0, 1, 30
1090.0, 481.56135446131395, 847.643234289833, 603.3960317995134, 3.4479773245683747, 2541.523047744941, 14, 0, 1, 4, 6, 29, 3, 0, 1, 30
1100.0, 486.4812006564289, 854.8527428951871, 608.9312673907439, 3.479607242232519, 2570.473443654829, 13, 1, 1, 4, 6, 29, 2, 1, 1, 30
1110.0, 491.4172966857951, 862.0586097094174, 614.4665029819744, 3.5112371598966634, 2599.5074559487057, 13, 1, 1, 4, 6, 29, 1, 2, 1, 30
1120.0, 496.36770367191616, 869.2620215358554, 620.0017385732049, 3.5428670775608078, 2628.6249337148192, 13, 1, 1, 4, 6, 29, 1, 2, 1, 30
1130.0, 501.3294846178221, 876.4634976240778, 625.5369741644354, 3.574496995224952, 2657.8257714106235, 13, 1, 1, 4, 6, 29, 1, 2, 1, 30
1140.0, 506.3064755847526, 883.6625711719543, 631.0722097556659, 3.6061269128890965, 2687.1098639861793, 13, 1, 1, 4, 6, 29, 1, 2, 1, 30
1150.0, 511.3009828565975, 890.8583896824193, 636.6074453468964, 3.637756830553241, 2716.4770692599686, 13, 1, 1, 4, 6, 29, 1, 2, 1, 30
1160.0, 516.3137630204599, 898.0505353415647, 642.1426809381269, 3.669386748217385, 2745.927211671138, 12, 2, 1, 4, 6, 28, 2, 2, 1, 30
1170.0, 521.343682011154, 905.2386676853623, 647.6779165293574, 3.7010166658815296, 2775.460101093961, 12, 2, 1, 4, 6, 28, 2, 2, 1, 30
1180.0, 526.3905087475935, 912.4215707144319, 653.2131521205879, 3.732646583545674, 2805.075510192444, 12, 2, 1, 4, 6, 28, 2, 2, 1, 30
1190.0, 531.4542950102473, 919.5978893738402, 658.7483877118184, 3.7642765012098183, 2834.7731393836334, 12, 2, 1, 4, 6, 28, 2, 2, 1, 30
1200.0, 536.5353078257981, 926.7680236446444, 664.2836233030489, 3.7959064188739626, 2864.55266063149, 12, 2, 1, 4, 6, 28, 2, 1, 2, 30
1210.0, 541.6338466847395, 933.9337216852155, 669.8188588942794, 3.827536336538107, 2894.413807375, 12, 2, 1, 4, 6, 28, 2, 1, 2, 30
1220.0, 546.7496993746939, 941.0963392877601, 675.3540944855099, 3.8591662542022513, 2924.356395767078, 12, 2, 1, 4, 6, 28, 2, 1, 2, 30
1230.0, 551.8826921016444, 948.2563439720623, 680.8893300767404, 3.8907961718663957, 2954.380286886317, 12, 2, 1, 4, 6, 28, 2, 1, 2, 30
1240.0, 557.0328619380526, 955.4135983336538, 686.4245656679709, 3.92242608953054, 2984.485348314598, 12, 2, 1, 4, 6, 28, 2, 1, 2, 30
1250.0, 562.2003324958142, 962.5678157663082, 691.9598012592014, 3.9540560071946844, 3014.6714347493507, 12, 2, 1, 4, 6, 28, 2, 1, 2, 30
1260.0, 567.3852509258653, 969.7190706575719, 697.4950368504319, 3.9856859248588288, 3044.938394078288, 12, 2, 1, 4, 6, 28, 2, 1, 2, 30
1270.0, 572.5876791431149, 976.8678315316859, 703.0302724416624, 4.017315842522973, 3075.2860892115714, 12, 2, 1, 4, 6, 28, 2, 1, 2, 30
1280.0, 577.807527804081, 984.0144987909136, 708.5655080328929, 4.0489457601871175, 3105.714406760006, 12, 2, 1, 4, 6, 28, 2, 1, 2, 30
1290.0, 583.0447859183479, 991.1591157107807, 714.1007436241234, 4.080575677851262, 3136.2232446928642, 12, 1, 2, 4, 6, 28, 1, 2, 1, 31
1300.0, 588.2994660914356, 998.3014414478712, 719.6359792153539, 4.112205595515406, 3166.8124951019568, 12, 1, 2, 4, 6, 28, 1, 2, 1, 31
1310.0, 593.5717594879735, 1005.4412441690043, 725.1712148065844, 4.143835513179551, 3197.482036781295, 12, 1, 2, 4, 6, 28, 1, 2, 1, 31
1320.0, 598.8619654642456, 1012.5786107190602, 730.7064503978149, 4.175465430843695, 3228.2317441045543, 12, 1, 2, 4, 6, 28, 1, 2, 1, 31
1330.0, 604.1703101573729, 1019.7139540785275, 736.2416859890454, 4.207095348507839, 3259.0615048514373, 12, 1, 2, 4, 6, 28, 1, 1, 2, 31
1340.0, 609.4968482031821, 1026.8477089698658, 741.7769215802759, 4.238725266171984, 3289.9712294418878, 12, 1, 2, 4, 6, 28, 1, 1, 2, 31
1350.0, 614.8419788990332, 1033.9800921813421, 747.3121571715064, 4.270355183836128, 3320.960844964316, 12, 1, 2, 4, 6, 28, 1, 1, 2, 31
1360.0, 620.206458488642, 1041.1111277614248, 752.847392762737, 4.301985101500272, 3352.0302839402134, 12, 1, 2, 4, 6, 28, 1, 1, 2, 31
1370.0, 625.5915821059632, 1048.2407989524947, 758.3826283539674, 4.333615019164417, 3383.1794784448616, 12, 1, 2, 4, 6, 28, 1, 1, 2, 31
1380.0, 630.997978774758, 1055.3691508691757, 763.917863945198, 4.365244936828561, 3414.408361062424, 12, 1, 1, 5, 6, 28, 1, 1, 2, 31
1390.0, 636.4258338803354, 1062.4962942630652, 769.4530995364285, 4.396874854492705, 3445.7168684521002, 12, 1, 0, 6, 6, 28, 1, 0, 3, 31
1400.0, 641.8753624078578, 1069.622343601176, 774.988335127659, 4.42850477215685, 3477.104943225739, 12, 1, 0, 6, 6, 28, 1, 0, 3, 31
1410.0, 647.3469114978502, 1076.7473137220802, 780.5235707188895, 4.460134689820994, 3508.5725319422904, 12, 1, 0, 6, 6, 28, 1, 0, 3, 31
1420.0, 652.8410097364966, 1083.869663480098, 786.05880631012, 4.4917646074851385, 3540.1195625643713, 12, 1, 0, 6, 6, 28, 1, 0, 3, 31
1430.0, 658.3581406626778, 1090.9747234733, 791.5940419013505, 4.523394525149283, 3571.745557555959, 12, 1, 0, 6, 6, 28, 1, 0, 3, 31
1440.0, 663.8984407295106, 1098.0698650767608, 797.129277492581, 4.555024442813427, 3603.449743495993, 12, 1, 0, 6, 6, 28, 1, 0, 3, 31
1450.0, 669.4620428458342, 1105.1611217181842, 802.6645130838115, 4.586654360477572, 3635.231817378464, 12, 1, 0, 6, 6, 28, 1, 0, 3, 31
1460.0, 675.0490638527352, 1112.2498392750858, 808.199748675042, 4.618284278141716, 3667.091624949524, 12, 1, 0, 6, 6, 28, 1, 0, 3, 31
1470.0, 680.6596102297933, 1119.3365793851303, 813.7349842662725, 4.64991419580586, 3699.0290550597283, 12, 1, 0, 6, 6, 28, 1, 0, 3, 31
1480.0, 686.2937838162495, 1126.4216466169744, 819.270219857503, 4.681544113470005, 3731.0440171695086, 12, 1, 0, 6, 6, 28, 1, 0, 3, 31
1490.0, 691.9516119205696, 1133.50523826899, 824.8054554487335, 4.713174031134149, 3763.136432929166, 12, 1, 0, 6, 6, 28, 1, 0, 3, 31
1500.0, 697.6331132367154, 1140.5874582882261, 830.340691039964, 4.744803948798293, 3795.3062318454135, 11, 2, 0, 6, 6, 28, 1, 0, 3, 31
1510.0, 703.3381955083128, 1147.6671185968405, 835.8759266311945, 4.776433866462438, 3827.5533293288486, 11, 2, 0, 6, 6, 28, 1, 0, 3, 31
1520.0, 709.065688301093, 1154.744307123541, 841.411162222425, 4.808063784126582, 3859.8775567948423, 11, 2, 0, 6, 6, 28, 1, 0, 2, 32
1530.0, 714.8142536954543, 1161.8217678834621, 846.9463978136555, 4.839693701790726, 3892.278908571573, 11, 2, 0, 6, 6, 28, 1, 0, 2, 32
1540.0, 720.5837077645546, 1168.8972157432377, 852.481633404886, 4.871323619454871, 3924.7573162902086, 11, 2, 0, 5, 7, 28, 1, 0, 1, 33
1550.0, 726.3740678517894, 1175.9711347980872, 858.0168689961165, 4.902953537119015, 3957.312697036524, 11, 2, 0, 5, 7, 28, 1, 0, 1, 33
1560.0, 732.1853556055295, 1183.0423216447386, 863.552104587347, 4.9345834547831595, 3989.944952501538, 11, 2, 0, 5, 7, 28, 1, 0, 1, 33
1570.0, 738.0175825279667, 1190.1078462881937, 869.0873401785775, 4.966213372447304, 4022.6538752898477, 11, 2, 0, 5, 7, 28, 1, 0, 1, 33
1580.0, 743.870746277193, 1197.1662174036805, 874.622575769808, 4.997843290111448, 4055.4391299824633, 11, 2, 0, 5, 7, 28, 1, 0, 1, 33
1590.0, 749.7448392779813, 1204.2193718995845, 880.1578113610385, 5.029473207775593, 4088.300397937126, 11, 2, 0, 5, 7, 28, 1, 0, 1, 33
1600.0, 755.6398377444112, 1211.2697275481598, 885.693046952269, 5.061103125439737, 4121.237483739796, 11, 2, 0, 5, 7, 28, 1, 0, 1, 33
1610.0, 761.5555528605264, 1218.318341929984, 891.2282825434995, 5.092733043103881, 4154.25027994858, 11, 2, 0, 5, 7, 28, 1, 0, 1, 33
1620.0, 767.4913819741594, 1225.3650896162183, 896.76351813473, 5.124362960768026, 4187.338700424117, 11, 2, 0, 5, 7, 28, 1, 0, 1, 33
1630.0, 773.4468501679889, 1232.4091629649874, 902.2987537259605, 5.15599287843217, 4220.502632636777, 11, 2, 0, 5, 7, 27, 2, 0, 1, 33
1640.0, 779.4218574005931, 1239.4500511719493, 907.833989317191, 5.187622796096314, 4253.741926437296, 11, 2, 0, 5, 7, 27, 2, 0, 1, 33
1650.0, 785.4163992116469, 1246.4881799384818, 913.3692249084215, 5.219252713760459, 4287.056430023055, 11, 2, 0, 5, 7, 27, 2, 0, 1, 33
1660.0, 791.4304792155345, 1253.5242539828096, 918.904460499652, 5.250882631424603, 4320.446024174547, 11, 2, 0, 5, 7, 27, 2, 0, 1, 33
1670.0, 797.4640998837514, 1260.5584391344232, 924.4396960908825, 5.2825125490887475, 4353.910613509461, 11, 2, 0, 5, 7, 27, 2, 0, 1, 33
1680.0, 803.5172653041504, 1267.5901145946768, 929.974931682113, 5.314142466752892, 4387.450091001761, 11, 1, 1, 5, 7, 27, 2, 0, 0, 34
1690.0, 809.5899762451565, 1274.6182068337669, 935.5101672733435, 5.345772384417036, 4421.064304373629, 11, 1, 1, 5, 7, 27, 2, 0, 0, 34
1700.0, 815.6822323158261, 1281.6419113718982, 941.045402864574, 5.3774023020811805, 4454.753052304623, 11, 1, 1, 5, 7, 27, 2, 0, 0, 34
1710.0, 821.7940245756184, 1288.6601621683317, 946.5806384558045, 5.409032219745325, 4488.51609401168, 11, 1, 1, 5, 7, 27, 2, 0, 0, 34
1720.0, 827.9253089255257, 1295.6695719771485, 952.115874047035, 5.440662137409469, 4522.353082324665, 11, 1, 1, 5, 7, 27, 2, 0, 0, 34
1730.0, 834.0759861468784, 1302.6667226390932, 957.6511096382656, 5.472292055073614, 4556.263475139468, 11, 1, 1, 5, 7, 27, 2, 0, 0, 34
1740.0, 840.2459361409316, 1309.652314516922, 963.186345229496, 5.503921972737758, 4590.246665585791, 11, 1, 1, 5, 7, 27, 2, 0, 0, 34
1750.0, 846.4350589795835, 1316.6251147312314, 968.7215808207266, 5.535551890401902, 4624.302070645096, 11, 1, 1, 5, 7, 27, 2, 0, 0, 34
1760.0, 852.6432372590692, 1323.578198656024, 974.2568164119571, 5.567181808066047, 4658.42888559207, 11, 1, 1, 5, 7, 27, 2, 0, 0, 34
1770.0, 858.8703059841566, 1330.510782110851, 979.7920520031876, 5.598811725730191, 4692.626048363753, 11, 1, 1, 5, 7, 27, 2, 0, 0, 34
1780.0, 865.1161144830957, 1337.432411197319, 985.3272875944181, 5.630441643394335, 4726.892760173826, 11, 1, 1, 5, 7, 27, 2, 0, 0, 34
1790.0, 871.3805806900681, 1344.350030260283, 990.8625231856486, 5.66207156105848, 4761.228674110372, 11, 1, 1, 5, 7, 27, 2, 0, 0, 34
1800.0, 877.6636798752976, 1351.26574692174, 996.3977587768791, 5.693701478722624, 4795.633655942682, 11, 1, 1, 5, 7, 27, 2, 0, 0, 34
1810.0, 883.965419769248, 1358.179848928218, 1001.9329943681096, 5.7253313963867685, 4830.107621223848, 11, 1, 1, 5, 7, 27, 2, 0, 0, 34
1820.0, 890.2858356341077, 1365.092218686839, 1007.4682299593401, 5.756961314050913, 4864.650486711502, 11, 1, 1, 5, 7, 27, 2, 0, 0, 34
1830.0, 896.6249929920175, 1372.0027471649266, 1013.0034655505706, 5.788591231715057, 4899.262162642213, 10, 2, 1, 5, 7, 27, 1, 1, 0, 34
1840.0, 902.982974935021, 1378.9114452991128, 1018.5387011418011, 5.8202211493792015, 4933.942556706208, 10, 2, 1, 5, 7, 27, 1, 1, 0, 34
1850.0, 909.3598616179186, 1385.8184024973482, 1024.0739367330314, 5.851851067043346, 4968.691579587189, 10, 2, 1, 5, 7, 27, 1, 1, 0, 34
1860.0, 915.7557135988998, 1392.7236181697135, 1029.6091723242505, 5.88348098470749, 5003.509145062389, 10, 2, 1, 5, 7, 27, 1, 1, 0, 34
1870.0, 922.1705642148047, 1399.6267915178419, 1035.1444079154696, 5.915110902371635, 5038.395160035072, 10, 2, 1, 5, 7, 27, 1, 1, 0, 34
1880.0, 928.6044222085593, 1406.527281622081, 1040.6796435066888, 5.946740820035779, 5073.3495072159885, 9, 3, 1, 5, 7, 26, 2, 1, 0, 34
1890.0, 935.0572731216646, 1413.4244511015527, 1046.214879097908, 5.978370737699923, 5108.372035193066, 9, 3, 1, 5, 7, 26, 2, 1, 0, 34
1900.0, 941.529088143094, 1420.3181440138699, 1051.750114689127, 6.010000655364068, 5143.462571467196, 9, 3, 1, 5, 7, 26, 2, 1, 0, 34
1910.0, 948.0198453360864, 1427.2086804816386, 1057.2853502803462, 6.041630573028212, 5178.620949182359, 9, 3, 1, 5, 7, 26, 2, 1, 0, 34
1920.0, 954.5295310929528, 1434.0963704932992, 1062.8205858715653, 6.073260490692356, 5213.847019410063, 9, 3, 1, 5, 7, 26, 2, 1, 0, 34
1930.0, 961.0581364343108, 1440.9811812624778, 1068.3558214627844, 6.104890408356501, 5249.140640532718, 9, 3, 1, 5, 7, 26, 2, 1, 0, 34
1940.0, 967.6056518026127, 1447.8627829094198, 1073.8910570540036, 6.136520326020645, 5284.501661182359, 9, 3, 1, 5, 7, 26, 2, 0, 1, 34
1950.0, 974.1720630016869, 1454.7406722941473, 1079.4262926452227, 6.1681502436847895, 5319.929908754904, 9, 3, 1, 5, 7, 26, 2, 0, 1, 34
1960.0, 980.7573502149186, 1461.6142827494816, 1084.9615282364418, 6.199780161348934, 5355.42518317914, 9, 3, 1, 5, 7, 26, 2, 0, 1, 34
1970.0, 987.3614913874627, 1468.483253038302, 1090.496763827661, 6.231410079013078, 5390.98725980454, 9, 3, 1, 5, 7, 26, 2, 0, 1, 34
1980.0, 993.984465273319, 1475.347695042353, 1096.03199941888, 6.2630399966772226, 5426.615907329147, 9, 3, 1, 5, 7, 26, 2, 0, 1, 34
1990.0, 1000.6262584707794, 1482.2081095291455, 1101.5672350100992, 6.294669914341367, 5462.3109110191435, 9, 3, 1, 5, 7, 26, 2, 0, 1, 34
2000.0, 1007.2868669143062, 1489.0650547072264, 1107.1024706013184, 6.326299832005511, 5498.0720839873, 9, 3, 1, 5, 7, 26, 2, 0, 1, 34
2010.0, 1013.9662938646029, 1495.918930104504, 1112.6377061925375, 6.357929749669656, 5533.899263652726, 9, 3, 1, 5, 7, 26, 2, 0, 1, 34
2020.0, 1020.6645502278792, 1502.7699683732924, 1118.1729417837566, 6.3895596673338, 5569.792302957151, 9, 3, 1, 5, 7, 26, 2, 0, 1, 34
2030.0, 1027.3816487883187, 1509.618308578031, 1123.7081773749758, 6.421189584997944, 5605.751063781645, 9, 3, 1, 5, 7, 27, 1, 0, 1, 34
2040.0, 1034.117422152131, 1516.4640741956482, 1129.243412966195, 6.452819502662089, 5641.775414245851, 9, 3, 1, 5, 7, 27, 1, 0, 1, 34
2050.0, 1040.8665050630823, 1523.3074411139285, 1134.778648557414, 6.484449420326233, 5677.865229749522, 9, 2, 2, 5, 7, 27, 0, 1, 1, 34
2060.0, 1047.6255897147462, 1530.1486555637207, 1140.3138841486332, 6.516079337990377, 5714.020396344167, 9, 2, 2, 5, 7, 27, 0, 1, 1, 34
2070.0, 1054.3946375810385, 1536.9879853086945, 1145.8491197398523, 6.547709255654522, 5750.240813227964, 9, 2, 2, 5, 7, 27, 0, 1, 1, 34
2080.0, 1061.1736469337834, 1543.8256532286275, 1151.3843553310714, 6.579339173318666, 5786.526392085779, 9, 1, 3, 5, 7, 27, 0, 1, 0, 35
2090.0, 1067.9626241247126, 1550.661801259864, 1156.9195909222906, 6.6109690909828105, 5822.87705377404, 9, 1, 3, 5, 7, 27, 0, 1, 0, 35
2100.0, 1074.761526501387, 1557.4964849845926, 1162.4548265135097, 6.642599008646955, 5859.292724052648, 9, 1, 3, 5, 7, 27, 0, 1, 0, 35
2110.0, 1081.5703328379466, 1564.3296800294884, 1167.9900621047288, 6.674228926311099, 5895.7733294017435, 9, 1, 3, 5, 7, 27, 0, 1, 0, 35
2120.0, 1088.3890403431553, 1571.1612982870288, 1173.525297695948, 6.705858843975244, 5932.318793370991, 9, 1, 3, 5, 7, 27, 0, 1, 0, 35
2130.0, 1095.2176474578484, 1577.9912224007207, 1179.0605332871671, 6.737488761639388, 5968.929034186952, 9, 1, 3, 5, 7, 27, 0, 1, 0, 35
2140.0, 1102.0561521836228, 1584.8193485273193, 1184.5957688783863, 6.769118679303532, 6005.603964390143, 9, 1, 3, 5, 7, 26, 1, 1, 0, 35
2150.0, 1108.9045555751115, 1591.6456113294114, 1190.1310044696054, 6.800748596967677, 6042.343492256922, 9, 1, 3, 5, 7, 26, 1, 1, 0, 35
2160.0, 1115.7628592725719, 1598.4699846686055, 1195.6662400608245, 6.832378514631821, 6079.147523809342, 9, 1, 3, 5, 7, 26, 1, 1, 0, 35
2170.0, 1122.6310645534327, 1605.2924803105686, 1201.2014756520437, 6.864008432295965, 6116.015964697565, 9, 1, 2, 6, 7, 26, 1, 0, 1, 35
2180.0, 1129.5091745743866, 1612.1131589082847, 1206.7367112432628, 6.89563834996011, 6152.948722337221, 9, 1, 2, 6, 7, 26, 1, 0, 1, 35
2190.0, 1136.39719376983, 1618.9321357748763, 1212.271946834482, 6.927268267624254, 6189.945708580739, 8, 2, 2, 6, 7, 26, 1, 0, 1, 35
2200.0, 1143.2951254656934, 1625.7495596949461, 1217.807182425701, 6.958898185288398, 6227.006842039383, 8, 2, 2, 6, 7, 26, 0, 1, 1, 35
2210.0, 1150.2029735606202, 1632.5655712384353, 1223.3424180169202, 6.990528102952543, 6264.132048738678, 8, 2, 2, 6, 7, 26, 0, 1, 1, 35
2220.0, 1157.1207409601393, 1639.3802667666198, 1228.8776536081393, 7.022158020616687, 6301.32126072328, 8, 2, 2, 6, 7, 26, 0, 1, 1, 35
2230.0, 1164.04843058225, 1646.1936858596903, 1234.4128891993585, 7.0537879382808315, 6338.574413421938, 8, 2, 2, 6, 7, 26, 0, 1, 1, 35
2240.0, 1170.9860619842605, 1653.0058201206343, 1239.9481247905776, 7.085417855944976, 6375.891442966233, 8, 2, 2, 6, 7, 26, 0, 1, 1, 35
2250.0, 1177.9335907778207, 1659.8166301161434, 1245.4833603817967, 7.11704777360912, 6413.2722842144585, 8, 2, 2, 6, 7, 25, 1, 0, 2, 35
2260.0, 1184.8909727982636, 1666.626059374981, 1251.0185959730159, 7.148677691273265, 6450.716869577067, 8, 2, 2, 6, 7, 25, 1, 0, 2, 35
2270.0, 1191.8582082964579, 1673.434043481348, 1256.553831564235, 7.180307608937409, 6488.2251284071735, 8, 2, 2, 6, 7, 25, 1, 0, 2, 35
2280.0, 1198.8352979118174, 1680.24051933811, 1262.0890671554541, 7.211937526601553, 6525.796986823274, 8, 2, 2, 6, 7, 25, 1, 0, 2, 35
2290.0, 1205.8222401846854, 1687.0454381144618, 1267.6243027466733, 7.243567444265698, 6563.432368107559, 8, 2, 2, 6, 7, 25, 1, 0, 2, 35
2300.0, 1212.8190212519128, 1693.8418353426741, 1273.1595383378924, 7.275197361929842, 6601.131093304593, 8, 2, 2, 6, 7, 25, 1, 0, 2, 35
2310.0, 1219.8255040200477, 1700.6392560709369, 1278.6947739291115, 7.306827279593986, 6638.892778536301, 8, 2, 2, 6, 7, 25, 1, 0, 2, 35
2320.0, 1226.8416047705186, 1707.4394734314913, 1284.2300095203307, 7.338457197258131, 6676.717690320361, 8, 2, 2, 6, 7, 25, 1, 0, 2, 35
2330.0, 1233.8672882531969, 1714.2384558694473, 1289.7652451115498, 7.370087114922275, 6714.605821065704, 8, 2, 2, 6, 7, 25, 1, 0, 2, 35
2340.0, 1240.902493052082, 1721.0362156726235, 1295.300480702769, 7.401717032586419, 6752.557107782837, 8, 2, 2, 6, 7, 25, 1, 0, 1, 36
2350.0, 1247.9471991375208, 1727.8328703158202, 1300.835716293988, 7.433346950250564, 6790.571492345006, 8, 2, 2, 5, 8, 25, 1, 0, 0, 37
2360.0, 1255.0014052400627, 1734.6285176684557, 1306.3709518852072, 7.464976867914708, 6828.648922073906, 8, 2, 2, 5, 8, 25, 1, 0, 0, 37
2370.0, 1262.0651126748162, 1741.4232280630663, 1311.9061874764263, 7.4966067855788525, 6866.789348497395, 8, 2, 2, 5, 8, 25, 1, 0, 0, 37
2380.0, 1269.1383228930408, 1748.2170456751019, 1317.4414230676455, 7.528236703242997, 6904.99272598218, 8, 2, 2, 5, 8, 25, 0, 1, 0, 37
2390.0, 1276.2210376142364, 1755.0099940959858, 1322.9766586588646, 7.559866620907141, 6943.259010556676, 7, 3, 2, 5, 8, 24, 1, 1, 0, 37
2400.0, 1283.3132579226979, 1761.8020827939174, 1328.5118942500837, 7.591496538571286, 6981.588159047838, 7, 3, 2, 5, 8, 24, 1, 1, 0, 37
2410.0, 1290.4149852595144, 1768.593305128056, 1334.0471298413029, 7.62312645623543, 7019.980128425414, 7, 3, 2, 5, 8, 24, 1, 1, 0, 37
2420.0, 1297.5262207842989, 1775.3834920336599, 1339.582365432522, 7.654756373899574, 7058.434872823515, 7, 3, 2, 5, 8, 24, 1, 1, 0, 37
2430.0, 1304.646965687295, 1782.170765800929, 1345.1176010237411, 7.686386291563719, 7096.952308983221, 7, 3, 2, 5, 8, 24, 1, 1, 0, 37
2440.0, 1311.7772171454785, 1788.9444977707244, 1350.6528366149603, 7.718016209227863, 7135.5320794126455, 7, 3, 2, 5, 8, 24, 1, 1, 0, 37
2450.0, 1318.9170884657758, 1795.6906500075634, 1356.1880722061794, 7.749646126892007, 7174.173088107511, 7, 3, 2, 5, 8, 24, 1, 1, 0, 37
2460.0, 1326.066832197187, 1802.4208089002068, 1361.7233077973985, 7.781276044556152, 7212.874162483563, 7, 3, 2, 5, 8, 24, 1, 1, 0, 37
2470.0, 1333.226739058562, 1809.1469811705588, 1367.2585433886177, 7.812905962220296, 7251.634858715203, 7, 3, 2, 5, 8, 24, 1, 1, 0, 37
2480.0, 1340.3969072384855, 1815.8718822507078, 1372.7937789798368, 7.8445358798844405, 7290.455066329866, 7, 3, 2, 5, 8, 24, 1, 1, 0, 37
2490.0, 1347.5777005628424, 1822.5958544774799, 1378.329014571056, 7.876165797548585, 7329.334733471502, 7, 3, 2, 5, 8, 24, 1, 0, 1, 37
2500.0, 1354.769736778498, 1829.3189157031877, 1383.864250162275, 7.907795715212729, 7368.273814492819, 7, 3, 2, 5, 8, 24, 1, 0, 1, 37
2510.0, 1361.9731621249273, 1836.0410447043018, 1389.3994857534942, 7.9394256328768735, 7407.272263388507, 7, 3, 2, 5, 8, 24, 1, 0, 1, 37
2520.0, 1369.1880923195483, 1842.7621729119028, 1394.9347213447134, 7.971055550541018, 7446.330032213913, 7, 3, 2, 5, 8, 24, 1, 0, 1, 37
2530.0, 1376.4146091198857, 1849.4820171188414, 1400.4699569359325, 8.002685468205154, 7485.447065256726, 7, 3, 2, 5, 8, 24, 1, 0, 1, 37
2540.0, 1383.6527315897938, 1856.199889673031, 1406.0051925271516, 8.03431538586921, 7524.6232823562605, 7, 3, 2, 5, 8, 24, 1, 0, 1, 37
2550.0, 1390.902496248977, 1862.9152026426823, 1411.5404281183708, 8.065945303533265, 7563.858567875896, 7, 3, 2, 5, 8, 24, 1, 0, 1, 37
2560.0, 1398.1639344002783, 1869.6272047516227, 1417.07566370959, 8.09757522119732, 7603.152781189943, 7, 3, 2, 5, 8, 24, 1, 0, 1, 37
2570.0, 1405.437057630411, 1876.3324695610434, 1422.610899300809, 8.129205138861376, 7642.505681189813, 7, 2, 3, 5, 8, 24, 1, 0, 1, 37
2580.0, 1412.7218615031268, 1883.028642482928, 1428.1461348920282, 8.160835056525432, 7681.916850559766, 7, 2, 3, 5, 8, 24, 1, 0, 1, 37
2590.0, 1420.0183369449744, 1889.7186967491862, 1433.6813704832473, 8.192464974189487, 7721.3858942827155, 7, 2, 3, 5, 8, 24, 1, 0, 0, 38
2600.0, 1427.3264779204605, 1896.406111966711, 1439.2166060744664, 8.224094891853543, 7760.912602664734, 7, 2, 3, 5, 8, 24, 1, 0, 0, 38
2610.0, 1434.6462836037113, 1903.0920179536633, 1444.7518416656856, 8.255724809517599, 7800.496881614908, 7, 2, 3, 5, 8, 24, 1, 0, 0, 38
2620.0, 1441.9777536366876, 1909.7757524690708, 1450.2870772569047, 8.287354727181654, 7840.138644559287, 7, 2, 3, 5, 8, 24, 1, 0, 0, 38
2630.0, 1449.3208896146027, 1916.4559848483989, 1455.8223128481238, 8.31898464484571, 7879.83774867323, 7, 2, 3, 5, 8, 24, 1, 0, 0, 38
2640.0, 1456.675692859695, 1923.132303146369, 1461.357548439343, 8.350614562509765, 7919.594002700414, 7, 2, 3, 5, 8, 24, 1, 0, 0, 38
2650.0, 1464.0421635756857, 1929.8049414877132, 1466.892784030562, 8.38224448017382, 7959.407218634023, 7, 2, 3, 5, 8, 24, 1, 0, 0, 38
2660.0, 1471.4203017102286, 1936.4726508408514, 1472.4280196217812, 8.413874397837876, 7999.277190139149, 7, 2, 3, 5, 8, 24, 1, 0, 0, 38
2670.0, 1478.8101040416523, 1943.1325113293424, 1477.9632552130004, 8.445504315501932, 8039.203599831727, 7, 2, 3, 5, 8, 24, 1, 0, 0, 38
2680.0, 1486.211565542983, 1949.782502586726, 1483.4984908042195, 8.477134233165987, 8079.18599459938, 7, 2, 3, 5, 8, 24, 1, 0, 0, 38
2690.0, 1493.6246833524062, 1956.4232731125055, 1489.0337263954386, 8.508764150830043, 8119.223886518377, 7, 2, 3, 5, 8, 24, 1, 0, 0, 38
2700.0, 1501.0494581529845, 1963.057365240146, 1494.5689619866578, 8.540394068494098, 8159.316874132085, 7, 2, 3, 5, 8, 24, 1, 0, 0, 38
2710.0, 1508.485890870135, 1969.6875777961604, 1500.104197577877, 8.572023986158154, 8199.464696519548, 7, 2, 3, 5, 8, 24, 1, 0, 0, 38
2720.0, 1515.9339821920198, 1976.3156707649955, 1505.639433169096, 8.60365390382221, 8239.667209694468, 7, 2, 3, 5, 8, 24, 1, 0, 0, 38
2730.0, 1523.393735958623, 1982.942223408301, 1511.1746687603152, 8.635283821486265, 8279.924326171034, 7, 2, 3, 5, 8, 24, 1, 0, 0, 38
2740.0, 1530.8651487366963, 1989.5672102633573, 1516.7099043515343, 8.66691373915032, 8320.235969597348, 7, 2, 3, 5, 8, 24, 1, 0, 0, 38
2750.0, 1538.3480473036686, 1996.1904431182, 1522.2451399427534, 8.698543656814376, 8360.602057190406, 7, 2, 3, 5, 8, 24, 1, 0, 0, 38
2760.0, 1545.8407666894113, 2002.8116836594445, 1527.7803755339726, 8.730173574478432, 8401.022495452396, 7, 2, 3, 5, 8, 24, 1, 0, 0, 38
2770.0, 1553.3427999402143, 2009.4306108060284, 1533.3156111251917, 8.761803492142487, 8441.497177185274, 7, 2, 3, 5, 8, 24, 1, 0, 0, 38
2780.0, 1560.8541519138832, 2016.0466967140503, 1538.8508467164108, 8.793433409806543, 8482.025974590784, 7, 2, 3, 5, 8, 24, 1, 0, 0, 38
2790.0, 1568.3748287483074, 2022.65915801358, 1544.38608230763, 8.825063327470598, 8522.60872640441, 7, 1, 4, 5, 8, 24, 1, 0, 0, 38
2800.0, 1575.904831690021, 2029.26740933827, 1549.921317898849, 8.856693245134654, 8563.245234252843, 7, 1, 4, 5, 8, 24, 1, 0, 0, 38
2810.0, 1583.444160443947, 2035.871649094477, 1555.4565534900682, 8.88832316279871, 8603.935289004723, 7, 1, 4, 5, 8, 24, 1, 0, 0, 38
2820.0, 1590.9928129496031, 2042.4727078291598, 1560.9917890812874, 8.919953080462765, 8644.678709748441, 7, 1, 4, 5, 8, 24, 1, 0, 0, 38
2830.0, 1598.5507879953313, 2049.0713794472153, 1566.5270246725065, 8.95158299812682, 8685.475358910204, 7, 1, 4, 5, 8, 23, 2, 0, 0, 38
2840.0, 1606.1180871092286, 2055.6679844804908, 1572.0622602637256, 8.983212915790876, 8726.325127448004, 7, 1, 4, 5, 8, 23, 2, 0, 0, 38
2850.0, 1613.6947134825723, 2062.2624018003817, 1577.5974958549448, 9.014842833454932, 8767.22791030544, 7, 1, 4, 5, 8, 23, 2, 0, 0, 38
2860.0, 1621.2806707836794, 2068.8543099011918, 1583.132731446164, 9.046472751118987, 8808.183590441988, 7, 1, 4, 5, 8, 23, 2, 0, 0, 38
2870.0, 1628.8759647654713, 2075.443262617015, 1588.667967037383, 9.078102668783043, 8849.192031823146, 7, 1, 4, 5, 8, 23, 2, 0, 0, 38
2880.0, 1636.4806000318804, 2082.028614295792, 1594.2032026286022, 9.109732586447098, 8890.253071202205, 7, 1, 4, 5, 8, 23, 2, 0, 0, 38
2890.0, 1644.094580059471, 2088.609651711185, 1599.7384382198213, 9.141362504111154, 8931.366510081205, 7, 1, 4, 5, 8, 23, 1, 1, 0, 38
2900.0, 1651.7179087684083, 2095.185975111771, 1605.2736738110405, 9.17299242177521, 8972.532120558124, 7, 1, 4, 5, 8, 23, 1, 1, 0, 38
2910.0, 1659.3505897125165, 2101.757767895439, 1610.8089094022596, 9.204622339439265, 9013.749669003422, 7, 1, 4, 5, 8, 23, 1, 1, 0, 38
2920.0, 1666.9926234845777, 2108.3257407487613, 1616.3441449934787, 9.23625225710332, 9055.018945135032, 7, 1, 4, 5, 8, 23, 1, 1, 0, 38
2930.0, 1674.6440120927423, 2114.890835804815, 1621.8793805846979, 9.267882174767376, 9096.339781538123, 7, 1, 4, 5, 8, 23, 1, 1, 0, 38
2940.0, 1682.3047562814345, 2121.453886754939, 1627.414616175917, 9.299512092431431, 9137.712056394837, 7, 0, 5, 5, 8, 23, 0, 1, 1, 38
2950.0, 1689.9748569490723, 2128.015420059019, 1632.9498517671361, 9.331142010095487, 9179.135682215678, 7, 0, 5, 5, 8, 23, 0, 1, 1, 38
2960.0, 1697.6543153058255, 2134.575645661576, 1638.4850873583553, 9.362771927759542, 9220.610589578435, 7, 0, 5, 5, 8, 23, 0, 1, 1, 38
2970.0, 1705.343133444939, 2141.13454838363, 1644.0203229495744, 9.394401845423598, 9262.136713436706, 7, 0, 5, 5, 8, 23, 0, 1, 1, 38
2980.0, 1713.0413157915575, 2147.691979336049, 1649.5555585407935, 9.426031763087654, 9303.713984303879, 7, 0, 4, 6, 8, 23, 0, 1, 1, 38
2990.0, 1720.7488675779878, 2154.247710676649, 1655.0907941320127, 9.457661680751709, 9345.342323087607, 7, 0, 4, 6, 8, 23, 0, 1, 1, 38
3000.0, 1728.4657890677527, 2160.801479451118, 1660.6260297232318, 9.489291598415765, 9387.02163818694, 7, 0, 4, 6, 8, 23, 0, 1, 1, 38
3010.0, 1736.1920849301569, 2167.353067125294, 1666.161265314451, 9.52092151607982, 9428.751825545467, 7, 0, 4, 6, 8, 23, 0, 1, 0, 39
3020.0, 1743.9274190900699, 2173.9024037217278, 1671.69650090567, 9.552551433743876, 9470.532773550922, 7, 0, 4, 6, 8, 23, 0, 1, 0, 39
3030.0, 1751.6694465243436, 2180.4496099594407, 1677.2317364968892, 9.584181351407931, 9512.364371971002, 7, 0, 4, 5, 9, 22, 0, 1, 1, 39
3040.0, 1759.417372914898, 2186.9949258082042, 1682.7669720881083, 9.615811269071987, 9554.246520115572, 7, 0, 4, 5, 9, 22, 0, 1, 0, 40
3050.0, 1767.1711968577367, 2193.5385791498816, 1688.3022076793275, 9.647441186736042, 9596.179129530316, 7, 0, 4, 5, 9, 22, 0, 1, 0, 40
3060.0, 1774.930917694303, 2200.0806844251033, 1693.8374432705466, 9.679071104400098, 9638.162120570638, 7, 0, 4, 5, 9, 22, 0, 1, 0, 40
3070.0, 1782.6962139053421, 2206.621210427836, 1699.3726788617657, 9.710701022064153, 9680.19541563984, 7, 0, 4, 5, 9, 22, 0, 1, 0, 40
3080.0, 1790.4658729384662, 2213.1599982430507, 1704.9079144529849, 9.742330939728209, 9722.278932219362, 7, 0, 4, 5, 9, 22, 0, 1, 0, 40
3090.0, 1798.2398339956217, 2219.696805335352, 1710.443150044204, 9.773960857392265, 9764.412577498924, 7, 0, 4, 5, 9, 22, 0, 1, 0, 40
3100.0, 1806.0184333560019, 2226.23137754203, 1715.9783856354231, 9.80559077505632, 9806.596245882347, 7, 0, 4, 5, 9, 22, 0, 1, 0, 40
3110.0, 1813.8017543289761, 2232.763544592374, 1721.5136212266423, 9.837220692720376, 9848.82982077735, 7, 0, 4, 5, 9, 22, 0, 1, 0, 40
3120.0, 1821.5897565700723, 2239.293297970111, 1727.0488568178614, 9.868850610384431, 9891.113180969389, 7, 0, 4, 5, 9, 22, 0, 1, 0, 40
3130.0, 1829.3824193199157, 2245.8205697609496, 1732.5840924090805, 9.900480528048487, 9933.446206600429, 7, 0, 4, 5, 9, 22, 0, 1, 0, 40
3140.0, 1837.1797514233483, 2252.341241498583, 1738.1193280002997, 9.932110445712542, 9975.828708289799, 7, 0, 4, 5, 9, 22, 0, 1, 0, 40
3150.0, 1844.981756655829, 2258.839891561066, 1743.6545635915188, 9.963740363376598, 10018.2599907816, 7, 0, 4, 5, 9, 22, 0, 1, 0, 40
3160.0, 1852.7884088763356, 2265.3175719577057, 1749.189799182738, 9.995370281040653, 10060.738844837979, 7, 0, 4, 5, 9, 22, 0, 1, 0, 40
3170.0, 1860.599644754705, 2271.7892912063785, 1754.725034773957, 10.027000198704709, 10103.26463234713, 7, 0, 4, 5, 9, 22, 0, 1, 0, 40
3180.0, 1868.4154162492896, 2278.2590732241397, 1760.2602703651762, 10.058630116368764, 10145.837192707995, 7, 0, 4, 5, 9, 22, 0, 1, 0, 40
3190.0, 1876.2357099672045, 2284.7269108370274, 1765.7955059563953, 10.09026003403282, 10188.456431904753, 7, 0, 4, 5, 9, 22, 0, 1, 0, 40
3200.0, 1884.0605231512695, 2291.1928659034375, 1771.3307415476145, 10.121889951696875, 10231.122253065852, 7, 0, 4, 5, 9, 22, 0, 1, 0, 40
3210.0, 1891.88985232725, 2297.6561372122655, 1776.8659771388336, 10.153519869360931, 10273.83455269756, 7, 0, 4, 5, 9, 22, 0, 1, 0, 40
3220.0, 1899.7236875711578, 2304.1085431529, 1782.4012127300527, 10.185149787024987, 10316.593043365026, 7, 0, 4, 5, 9, 22, 0, 1, 0, 40
3230.0, 1907.5619687733242, 2310.53130723648, 1787.9364483212719, 10.216779704689042, 10359.396716860112, 7, 0, 4, 5, 9, 22, 0, 1, 0, 40
3240.0, 1915.404602845629, 2316.9229180993707, 1793.471683912491, 10.248409622353098, 10402.24391719752, 7, 0, 4, 5, 9, 22, 0, 1, 0, 40
3250.0, 1923.2515584487014, 2323.301191116731, 1799.0069195037102, 10.280039540017153, 10445.133536719446, 7, 0, 4, 5, 9, 22, 0, 1, 0, 40
3260.0, 1931.102857285201, 2329.6748258797124, 1804.5421550949293, 10.311669457681209, 10488.065175999465, 7, 0, 4, 5, 9, 22, 0, 1, 0, 40
3270.0, 1938.9585217770982, 2336.0456390203085, 1810.0773906861484, 10.343299375345264, 10531.038660868819, 7, 0, 4, 5, 9, 22, 0, 1, 0, 40
3280.0, 1946.8185565794583, 2342.414103494208, 1815.6126262773676, 10.37492929300932, 10574.053864434434, 7, 0, 4, 5, 9, 22, 0, 1, 0, 40
3290.0, 1954.682963255454, 2348.7800838293033, 1821.1478618685867, 10.406559210673375, 10617.110668707743, 7, 0, 4, 5, 9, 22, 0, 1, 0, 40
3300.0, 1962.5517422512016, 2355.143016061052, 1826.6830974598058, 10.43818912833743, 10660.208935311952, 7, 0, 4, 5, 9, 22, 0, 1, 0, 40
3310.0, 1970.424892506682, 2361.5027969133453, 1832.218333051025, 10.469819046001486, 10703.348505881457, 7, 0, 4, 5, 9, 22, 0, 1, 0, 40
3320.0, 1978.302411357303, 2367.859927244425, 1837.753568642244, 10.501448963665542, 10746.529234518452, 7, 0, 4, 5, 9, 22, 0, 1, 0, 40
3330.0, 1986.1842862100782, 2374.2146515320974, 1843.2888042334632, 10.533078881329597, 10789.75099767769, 7, 0, 4, 5, 9, 22, 0, 1, 0, 40
3340.0, 1994.070459362341, 2380.5664595694284, 1848.8240398246824, 10.564708798993653, 10833.013665094704, 7, 0, 4, 5, 9, 22, 0, 1, 0, 40
3350.0, 2001.960905415278, 2386.9144348588684, 1854.3592754159015, 10.596338716657709, 10876.317068233831, 7, 0, 4, 5, 9, 22, 0, 1, 0, 40
3360.0, 2009.855589722818, 2393.257643534634, 1859.8945110071206, 10.627968634321764, 10919.660992181536, 7, 0, 4, 5, 9, 22, 0, 1, 0, 40
3370.0, 2017.7544710984353, 2399.5948509734403, 1865.4297465983398, 10.65959855198582, 10963.045169298626, 7, 0, 4, 5, 9, 22, 0, 1, 0, 40
3380.0, 2025.6573864520199, 2405.9221401814752, 1870.964982189559, 10.691228469649875, 11006.469212490209, 7, 0, 4, 5, 9, 22, 0, 1, 0, 40
3390.0, 2033.5634299820426, 2412.244904874195, 1876.500217780778, 10.72285838731393, 11049.93272409128, 7, 0, 4, 5, 9, 22, 0, 1, 0, 40
3400.0, 2041.472363696316, 2418.5623671275216, 1882.0354533719972, 10.754488304977986, 11093.435469992864, 7, 0, 4, 5, 9, 22, 0, 1, 0, 40
3410.0, 2049.384158561125, 2424.876430801058, 1887.5706889632163, 10.786118222642042, 11136.977234827631, 7, 0, 3, 6, 9, 22, 0, 0, 1, 40
3420.0, 2057.2988032937224, 2431.18823660893, 1893.1059245544354, 10.817748140306097, 11180.557880943003, 7, 0, 3, 6, 9, 21, 1, 0, 1, 40
3430.0, 2065.216295691362, 2437.498304272886, 1898.6411601456546, 10.849378057970153, 11224.177310237468, 7, 0, 3, 6, 9, 21, 1, 0, 1, 40
3440.0, 2073.1366407860414, 2443.80690502825, 1904.1763957368737, 10.881007975634208, 11267.835443198082, 7, 0, 3, 6, 9, 21, 1, 0, 1, 40
3450.0, 2081.059849582851, 2450.114228920706, 1909.7116313280928, 10.912637893298264, 11311.532211468608, 7, 0, 3, 6, 9, 21, 1, 0, 1, 40
3460.0, 2088.9859286422384, 2456.4204300291176, 1915.246866919312, 10.94426781096232, 11355.26755523544, 7, 0, 3, 6, 9, 21, 1, 0, 1, 40
3470.0, 2096.9148825379775, 2462.7256148053166, 1920.782102510531, 10.975897728626375, 11399.041421321414, 7, 0, 3, 6, 9, 21, 1, 0, 1, 40
3480.0, 2104.8467127523286, 2469.029806962182, 1926.3173381017502, 11.00752764629043, 11442.853759903219, 7, 0, 3, 6, 9, 21, 1, 0, 1, 40
3490.0, 2112.781416537552, 2475.3329431436937, 1931.8525736929694, 11.039157563954486, 11486.704520052059, 7, 0, 3, 6, 9, 20, 2, 0, 1, 40
3500.0, 2120.7189858832426, 2481.6349109965145, 1937.3878092841885, 11.070787481618542, 11530.593646243648, 7, 0, 3, 6, 9, 20, 2, 0, 1, 40
3510.0, 2128.659408038587, 2487.935583461686, 1942.9230448754076, 11.102417399282597, 11574.521076880841, 7, 0, 3, 6, 9, 19, 3, 0, 1, 40
3520.0, 2136.6026696869244, 2494.2348331292646, 1948.4582804666268, 11.134047316946653, 11618.486743940168, 7, 0, 3, 6, 9, 19, 3, 0, 1, 40
3530.0, 2144.5487564841205, 2500.5325612607794, 1953.993516057846, 11.165677234610708, 11662.490573577845, 7, 0, 3, 6, 9, 19, 2, 1, 1, 40
3540.0, 2152.4976566108667, 2506.828733818648, 1959.528751649065, 11.197307152274764, 11706.532488561303, 7, 0, 3, 6, 9, 19, 2, 1, 1, 40
3550.0, 2160.4493584472134, 2513.123370285782, 1965.0639872402842, 11.22893706993882, 11750.612411481869, 7, 0, 3, 6, 9, 19, 2, 1, 1, 40
3560.0, 2168.4038526063696, 2519.416494388893, 1970.5992228315033, 11.260566987602875, 11794.730266193184, 7, 0, 3, 6, 9, 19, 2, 1, 1, 40
3570.0, 2176.361129763359, 2525.7081257364525, 1976.1344584227224, 11.29219690526693, 11838.88597750228, 6, 1, 3, 6, 9, 19, 2, 1, 1, 40
3580.0, 2184.3211826732513, 2531.998336365607, 1981.6696940139416, 11.323826822930986, 11883.079472231715, 6, 1, 3, 6, 9, 19, 2, 1, 1, 40
3590.0, 2192.284004654851, 2538.2872942708145, 1987.2049296051607, 11.355456740595042, 11927.310683199588, 6, 1, 3, 6, 9, 19, 2, 1, 1, 40
3600.0, 2200.2495916041867, 2544.5752275730565, 1992.7401651963798, 11.387086658259097, 11971.579553443558, 6, 1, 3, 6, 9, 19, 2, 1, 1, 40
3610.0, 2208.2179409011624, 2550.862344972641, 1998.275400787599, 11.418716575923153, 12015.886037229606, 6, 1, 3, 5, 10, 19, 1, 2, 1, 40
3620.0, 2216.1890516300377, 2557.148786263228, 2003.8106363788181, 11.450346493587208, 12060.23009760781, 6, 1, 3, 5, 10, 19, 1, 2, 1, 40
3630.0, 2224.162923532442, 2563.4346245772135, 2009.3458719700373, 11.481976411251264, 12104.61170284562, 6, 1, 3, 5, 10, 19, 1, 1, 2, 40
3640.0, 2232.1395570204595, 2569.7198939382865, 2014.8811075612564, 11.51360632891532, 12149.030823755962, 6, 1, 3, 5, 10, 19, 1, 1, 2, 40
3650.0, 2240.118952437888, 2576.0046138667567, 2020.4163431524755, 11.545236246579375, 12193.487432410413, 6, 1, 3, 5, 10, 19, 0, 2, 2, 40
3660.0, 2248.101108733074, 2582.288800953149, 2025.9515787436947, 11.57686616424343, 12237.98150175994, 6, 1, 3, 5, 10, 19, 0, 2, 2, 40
3670.0, 2256.086025424785, 2588.5724706615833, 2031.4868143349138, 11.608496081907486, 12282.513005560097, 6, 1, 3, 5, 10, 19, 0, 2, 2, 40
3680.0, 2264.073701044464, 2594.855635897695, 2037.022049926133, 11.640125999571541, 12327.081918281738, 6, 1, 3, 5, 10, 19, 0, 1, 3, 40
3690.0, 2272.064133302867, 2601.1383055950064, 2042.557285517352, 11.671755917235597, 12371.688214945914, 6, 1, 3, 5, 10, 19, 0, 1, 3, 40
3700.0, 2280.057319035048, 2607.4204837158895, 2048.0925211085714, 11.703385834899652, 12416.33187089714, 6, 1, 3, 5, 10, 19, 0, 1, 3, 40
3710.0, 2288.053255882302, 2613.702170075273, 2053.6277566998133, 11.735015752563708, 12461.012861562704, 6, 1, 3, 5, 10, 19, 0, 1, 3, 40
3720.0, 2296.0519406694775, 2619.9833648767512, 2059.162992291055, 11.766645670227764, 12505.73116234437, 6, 1, 3, 5, 10, 19, 0, 1, 3, 40
3730.0, 2304.053370601212, 2626.264075032489, 2064.698227882297, 11.798275587891819, 12550.486748800293, 6, 1, 3, 5, 10, 19, 0, 1, 3, 40
3740.0, 2312.057543372277, 2632.544317166986, 2070.233463473539, 11.829905505555875, 12595.279597078837, 6, 1, 3, 5, 10, 19, 0, 1, 3, 40
3750.0, 2320.0644564942886, 2638.8241155091523, 2075.768699064781, 11.86153542321993, 12640.109684367131, 6, 1, 3, 5, 10, 19, 0, 1, 3, 40
3760.0, 2328.0741083457333, 2645.1034985948595, 2081.3039346560226, 11.893165340883986, 12684.97698918181, 6, 1, 3, 5, 10, 19, 0, 0, 4, 40
3770.0, 2336.086497156234, 2651.3824987281128, 2086.8391702472645, 11.924795258548041, 12729.881491557555, 6, 1, 3, 5, 10, 19, 0, 0, 4, 40
3780.0, 2344.101622162068, 2657.66115295182, 2092.3744058385064, 11.956425176212097, 12774.82317326241, 6, 1, 3, 5, 10, 19, 0, 0, 3, 41
3790.0, 2352.119482084137, 2663.9395014939073, 2097.9096414297483, 11.988055093876152, 12819.802018012138, 6, 1, 3, 5, 10, 19, 0, 0, 2, 42
3800.0, 2360.1400769738393, 2670.2175825641816, 2103.44487702099, 12.019685011540208, 12864.818011509164, 6, 1, 3, 5, 10, 19, 0, 0, 2, 42
3810.0, 2368.1634061841696, 2676.495426522022, 2108.980112612232, 12.051314929204263, 12909.871141188323, 6, 1, 3, 5, 10, 19, 0, 0, 2, 42
3820.0, 2376.1894706550424, 2682.773052992661, 2114.515348203474, 12.082944846868319, 12954.961395734777, 6, 1, 3, 5, 10, 19, 0, 0, 2, 42
3830.0, 2384.218269151792, 2689.050471899527, 2120.0505837947157, 12.114574764532374, 13000.088764558945, 6, 0, 4, 5, 10, 19, 0, 0, 2, 42
3840.0, 2392.2498022019863, 2695.327686916966, 2125.5858193859576, 12.14620468219643, 13045.253237393119, 6, 0, 4, 5, 10, 19, 0, 0, 2, 42
3850.0, 2400.284068904505, 2701.604699320314, 2131.1210549771995, 12.177834599860486, 13090.454804077848, 6, 0, 4, 5, 10, 19, 0, 0, 2, 42
3860.0, 2408.32106961112, 2707.881510996608, 2136.6562905684414, 12.209464517524541, 13135.693454522872, 6, 0, 4, 5, 10, 18, 1, 0, 2, 42
3870.0, 2416.3608031274944, 2714.1581262048803, 2142.1915261596832, 12.241094435188597, 13180.969178787536, 6, 0, 4, 5, 10, 18, 1, 0, 2, 42
3880.0, 2424.4032696507616, 2720.434552066418, 2147.726761750925, 12.272724352852652, 13226.281967216848, 6, 0, 4, 5, 10, 18, 1, 0, 2, 42
3890.0, 2432.4484675775434, 2726.710798018188, 2153.261997342167, 12.304354270516708, 13271.631810574147, 6, 0, 4, 5, 10, 18, 1, 0, 2, 42
3900.0, 2440.4963969259693, 2732.986874777351, 2158.797232933409, 12.335984188180763, 13317.018700131375, 6, 0, 4, 5, 10, 18, 1, 0, 2, 42
3910.0, 2448.547057350703, 2739.262793457457, 2164.3324685246507, 12.367614105844819, 13362.44262770912, 6, 0, 4, 5, 10, 18, 1, 0, 1, 43
3920.0, 2456.6004474440874, 2745.5385651181246, 2169.8677041158926, 12.399244023508874, 13407.903585683389, 6, 0, 4, 5, 10, 18, 1, 0, 1, 43
3930.0, 2464.6565679227324, 2751.8142005577433, 2175.4029397071345, 12.43087394117293, 13453.40156697738, 6, 0, 4, 5, 10, 18, 1, 0, 1, 43
3940.0, 2472.715417714475, 2758.0897100852553, 2180.9381752983763, 12.462503858836985, 13498.936565042917, 6, 0, 4, 5, 10, 18, 1, 0, 1, 43
3950.0, 2480.7769962043394, 2764.365103309475, 2186.473410889618, 12.494133776501041, 13544.50857383012, 6, 0, 4, 5, 10, 18, 1, 0, 1, 43
3960.0, 2488.841304211415, 2770.640389165055, 2192.00864648086, 12.525763694165096, 13590.117587751778, 6, 0, 4, 5, 10, 18, 1, 0, 1, 43
3970.0, 2496.908340883896, 2776.915576191035, 2197.543882072102, 12.557393611829152, 13635.763601656037, 6, 0, 4, 5, 10, 18, 1, 0, 1, 43
3980.0, 2504.9781059904135, 2783.190672774182, 2203.079117663344, 12.589023529493208, 13681.446610813691, 6, 0, 4, 5, 10, 18, 1, 0, 1, 43
3990.0, 2513.050600172766, 2789.4656870558388, 2208.6143532545857, 12.620653447157263, 13727.16661090992, 6, 0, 4, 5, 10, 18, 1, 0, 1, 43
4000.0, 2521.125822919657, 2795.740626487449, 2214.1495888458276, 12.652283364821319, 13772.923598021836, 6, 0, 4, 5, 10, 18, 1, 0, 1, 43
4010.0, 2529.203773906856, 2802.0154972982546, 2219.6848244370694, 12.683913282485374, 13818.71756857025, 6, 0, 4, 5, 10, 18, 1, 0, 1, 43
4020.0, 2537.284454300122, 2808.290304177947, 2225.2200600283113, 12.71554320014943, 13864.548519249129, 6, 0, 4, 5, 10, 18, 1, 0, 1, 43
4030.0, 2545.3678631964863, 2814.56505031915, 2230.755295619553, 12.747173117813485, 13910.416446948215, 6, 0, 4, 5, 10, 18, 1, 0, 1, 43
4040.0, 2553.4540000055968, 2820.8397377854462, 2236.290531210795, 12.77880303547754, 13956.321348686317, 6, 0, 4, 5, 10, 18, 1, 0, 1, 43
4050.0, 2561.542865571643, 2827.1143680745868, 2241.825766802037, 12.810432953141596, 14002.263221568566, 6, 0, 4, 5, 10, 18, 1, 0, 1, 43
4060.0, 2569.634459591808, 2833.3889427225795, 2247.361002393279, 12.842062870805652, 14048.24206277357, 6, 0, 4, 5, 10, 18, 1, 0, 1, 43
4070.0, 2577.728781247516, 2839.663463803959, 2252.8962379845207, 12.873692788469707, 14094.2578695686, 6, 0, 4, 5, 10, 18, 1, 0, 1, 43
4080.0, 2585.825831025199, 2845.937934221704, 2258.4314735757625, 12.905322706133763, 14140.310639344927, 6, 0, 4, 5, 10, 18, 1, 0, 1, 43
4090.0, 2593.925609252018, 2852.2123577507996, 2263.9667091670044, 12.936952623797819, 14186.400369661244, 6, 0, 4, 5, 10, 18, 1, 0, 1, 43
4100.0, 2602.0281148894446, 2858.486738874823, 2269.5019447582463, 12.968582541461874, 14232.527058283926, 6, 0, 4, 5, 10, 18, 1, 0, 1, 43
4110.0, 2610.133348078941, 2864.7610824951144, 2275.037180349488, 13.00021245912593, 14278.690703215434, 6, 0, 4, 5, 10, 18, 1, 0, 1, 43
4120.0, 2618.2413097628323, 2871.03539359, 2280.57241594073, 13.031842376789985, 14324.891302706666, 6, 0, 4, 5, 10, 18, 1, 0, 1, 43
4130.0, 2626.3519987572913, 2877.3096768866944, 2286.107651531972, 13.06347229445404, 14371.1288552524, 5, 1, 4, 5, 10, 17, 2, 0, 1, 43
4140.0, 2634.4654151993946, 2883.583936603032, 2291.6428871232138, 13.095102212118096, 14417.403359571721, 5, 1, 4, 5, 10, 17, 2, 0, 1, 43
4150.0, 2642.5815597287515, 2889.858176309324, 2297.1781227144556, 13.126732129782152, 14463.714814578563, 5, 1, 4, 5, 10, 17, 2, 0, 1, 43
4160.0, 2650.7004318750187, 2896.1323989312586, 2302.7133583056975, 13.158362047446207, 14510.063219348815, 5, 1, 4, 4, 11, 17, 2, 0, 0, 44
4170.0, 2658.822031524892, 2902.4066068670904, 2308.2485938969394, 13.189991965110263, 14556.448573090667, 5, 1, 4, 4, 11, 17, 2, 0, 0, 44
4180.0, 2666.9463462542594, 2908.6808021550532, 2313.7838294881813, 13.221621882774318, 14602.870875122433, 5, 1, 4, 4, 11, 17, 2, 0, 0, 44
4190.0, 2675.0730875973163, 2914.954986623378, 2319.319065079423, 13.253251800438374, 14649.330124858507, 5, 1, 4, 4, 11, 17, 2, 0, 0, 44
4200.0, 2683.201994062003, 2921.2291619818925, 2324.854300670665, 13.28488171810243, 14695.826321801485, 5, 1, 4, 4, 11, 17, 2, 0, 0, 44
4210.0, 2691.333051237101, 2927.5033298496883, 2330.389536261907, 13.316511635766485, 14742.359465537138, 5, 1, 4, 4, 11, 17, 2, 0, 0, 44
4220.0, 2699.4662596734606, 2933.7774917391107, 2335.9247718531487, 13.34814155343054, 14788.929555729625, 5, 1, 4, 4, 11, 17, 2, 0, 0, 44
4230.0, 2707.601618826216, 2940.0516490268687, 2341.4600074443906, 13.379771471094596, 14835.536592115408, 5, 1, 4, 4, 11, 17, 2, 0, 0, 44
4240.0, 2715.7391285509348, 2946.3258029407557, 2346.9952430356325, 13.411401388758652, 14882.180574496011, 5, 1, 4, 4, 11, 17, 2, 0, 0, 44
4250.0, 2723.878789177116, 2952.5999545793657, 2352.5304786268744, 13.443031306422707, 14928.861502730928, 5, 1, 4, 4, 11, 17, 2, 0, 0, 44
4260.0, 2732.020600819917, 2958.874104966353, 2358.065714218116, 13.474661224086763, 14975.579376732407, 5, 1, 4, 4, 11, 17, 2, 0, 0, 44
4270.0, 2740.164563066841, 2965.1482551260515, 2363.600949809358, 13.506291141750818, 15022.33419646356, 5, 1, 4, 4, 11, 17, 2, 0, 0, 44
4280.0, 2748.310675873932, 2971.4224061590107, 2369.1361854006, 13.537921059414874, 15069.125961940357, 5, 1, 4, 4, 11, 17, 1, 1, 0, 44
4290.0, 2756.4589399664296, 2977.6965592962906, 2374.671420991842, 13.56955097707893, 15115.954673236938, 5, 1, 4, 4, 11, 17, 1, 1, 0, 44
4300.0, 2764.6093547272058, 2983.970715917678, 2380.2066565830837, 13.601180894742985, 15162.820330492747, 5, 1, 4, 4, 11, 17, 1, 1, 0, 44
4310.0, 2772.76192005017, 2990.244877528305, 2385.7418921743256, 13.63281081240704, 15209.722933919576, 5, 1, 4, 4, 11, 17, 1, 1, 0, 44
4320.0, 2780.9166363379445, 2996.5190456980727, 2391.2771277655675, 13.664440730071096, 15256.662483806425, 5, 1, 4, 4, 11, 17, 1, 1, 0, 44
4330.0, 2789.0735036642463, 3002.793221977819, 2396.8123633568093, 13.696070647735151, 15303.638980520682, 5, 1, 4, 4, 11, 17, 1, 1, 0, 44
4340.0, 2797.2325216131358, 3009.0674078126663, 2402.347598948051, 13.727700565399207, 15350.652424504926, 5, 1, 4, 4, 11, 17, 1, 1, 0, 44
4350.0, 2805.393690226776, 3015.341604473644, 2407.882834539293, 13.759330483063263, 15397.70281626985, 5, 1, 4, 4, 11, 17, 1, 1, 0, 44
4360.0, 2813.5570102327993, 3021.6158130225226, 2413.418070130535, 13.790960400727318, 15444.790156384453, 5, 1, 4, 4, 11, 17, 1, 1, 0, 44
4370.0, 2821.7224809659147, 3027.8900343141454, 2418.953305721777, 13.822590318391374, 15491.914445465527, 5, 1, 4, 4, 11, 17, 1, 1, 0, 44
4380.0, 2829.890239767355, 3034.1642690298304, 2424.4885413130187, 13.85422023605543, 15539.075684168029, 5, 1, 4, 4, 11, 17, 1, 1, 0, 44
4390.0, 2838.0601847874777, 3040.4385177283593, 2430.0237769042606, 13.885850153719485, 15586.273873177684, 5, 1, 4, 4, 11, 17, 1, 1, 0, 44
4400.0, 2846.232270657974, 3046.7127808990986, 2435.5590124955024, 13.91748007138354, 15633.50901320617, 5, 1, 4, 4, 11, 17, 1, 1, 0, 44
4410.0, 2854.406496988212, 3052.9870590045375, 2441.0942480867443, 13.949109989047596, 15680.781104988817, 5, 1, 4, 4, 11, 17, 1, 1, 0, 44
4420.0, 2862.5828647653157, 3059.2613525051142, 2446.629483677986, 13.980739906711651, 15728.09014928398, 5, 1, 4, 4, 11, 17, 1, 1, 0, 44
4430.0, 2870.7613738118025, 3065.5356618658343, 2452.164719269228, 14.012369824375707, 15775.436146873137, 5, 1, 4, 4, 11, 17, 1, 1, 0, 44
4440.0, 2878.9420234436097, 3071.809987549545, 2457.69995486047, 14.043999742039762, 15822.819098561009, 5, 1, 4, 4, 11, 16, 2, 1, 0, 44
4450.0, 2887.1248142753348, 3078.0843300047104, 2463.235190451712, 14.075629659703818, 15870.239005175172, 5, 1, 4, 4, 11, 16, 2, 1, 0, 44
4460.0, 2895.3097467647726, 3084.3586896552615, 2468.7704260429537, 14.107259577367874, 15917.695867564995, 5, 1, 4, 4, 11, 16, 2, 1, 0, 44
4470.0, 2903.4968199902387, 3090.633066897579, 2474.3056616341955, 14.138889495031929, 15965.189686600386, 5, 1, 4, 4, 11, 16, 2, 1, 0, 44
4480.0, 2911.6860341945967, 3096.907462105866, 2479.8408972254374, 14.170519412695985, 16012.720463170439, 5, 1, 4, 4, 11, 16, 2, 1, 0, 44
4490.0, 2919.877390406984, 3103.1818756436855, 2485.3761328166793, 14.20214933036004, 16060.288198182665, 5, 1, 4, 4, 11, 16, 2, 1, 0, 44
4500.0, 2928.070887513367, 3109.4563078770243, 2490.911368407921, 14.233779248024096, 16107.892892562735, 5, 1, 4, 4, 11, 16, 2, 1, 0, 44
4510.0, 2936.2665257050894, 3115.730759183712, 2496.446603999163, 14.265409165688151, 16155.534547254894, 5, 1, 4, 4, 11, 16, 2, 1, 0, 44
4520.0, 2944.4643056610535, 3122.005229955263, 2501.981839590405, 14.297039083352207, 16203.213163222677, 5, 1, 4, 4, 11, 16, 2, 1, 0, 44
4530.0, 2952.6642269376875, 3128.2797205898123, 2507.5170751816468, 14.328669001016262, 16250.928741449356, 5, 1, 4, 4, 11, 16, 2, 1, 0, 44
4540.0, 2960.866289441535, 3134.5542314777576, 2513.0523107728886, 14.360298918680318, 16298.681282938005, 5, 1, 4, 4, 11, 16, 2, 1, 0, 44
4550.0, 2969.070493476126, 3140.8287629840697, 2518.5875463641305, 14.391928836344373, 16346.47078871067, 5, 1, 4, 4, 11, 16, 2, 1, 0, 44
4560.0, 2977.276839218137, 3147.103315432058, 2524.1227819553724, 14.423558754008429, 16394.297259806615, 5, 1, 4, 4, 11, 16, 2, 1, 0, 44
4570.0, 2985.4853263496975, 3153.377889092745, 2529.6580175466142, 14.455188671672484, 16442.160697280007, 5, 1, 4, 4, 11, 16, 1, 2, 0, 44
4580.0, 2993.6959548067834, 3159.65248418214, 2535.193253137856, 14.48681858933654, 16490.06110219716, 5, 1, 4, 4, 11, 16, 1, 2, 0, 44
4590.0, 3001.9087253181674, 3165.9271008663895, 2540.728488729098, 14.518448507000596, 16537.998475633885, 5, 1, 4, 4, 11, 16, 1, 2, 0, 44
4600.0, 3010.123637377711, 3172.2017392727234, 2546.26372432034, 14.550078424664651, 16585.972818673286, 5, 1, 4, 4, 11, 16, 1, 2, 0, 44
4610.0, 3018.340690879374, 3178.476399502881, 2551.7989599115817, 14.581708342328707, 16633.984132404104, 5, 1, 4, 4, 11, 16, 1, 2, 0, 44
4620.0, 3026.559886191359, 3184.751081645557, 2557.3341955028236, 14.613338259992762, 16682.0324179198, 5, 1, 4, 4, 11, 16, 1, 2, 0, 44
4630.0, 3034.7812234669814, 3191.0257857852507, 2562.8694310940655, 14.644968177656818, 16730.11767631814, 5, 1, 4, 4, 11, 16, 1, 1, 1, 44
4640.0, 3043.0047023304674, 3197.3005120063626, 2568.4046666853073, 14.676598095320873, 16778.239908701107, 5, 1, 4, 4, 11, 16, 1, 1, 1, 44
4650.0, 3051.2303227724246, 3203.5752603929, 2573.939902276549, 14.708228012984929, 16826.39911617491, 5, 1, 4, 4, 11, 16, 1, 1, 1, 44
4660.0, 3059.4580855499303, 3209.850031025355, 2579.475137867791, 14.739857930648984, 16874.595299849854, 5, 1, 4, 4, 11, 16, 1, 1, 1, 44
4670.0, 3067.6879900746953, 3216.1248239768174, 2585.010373459033, 14.77148784831304, 16922.828460840137, 5, 1, 4, 4, 11, 16, 1, 1, 1, 44
4680.0, 3075.920036266369, 3222.3996393101465, 2590.545609050275, 14.803117765977095, 16971.098600263318, 5, 1, 4, 4, 11, 16, 1, 0, 2, 44
4690.0, 3084.1542245503183, 3228.674477077327, 2596.0808446415167, 14.834747683641151, 17019.40571923989, 5, 1, 4, 4, 11, 16, 1, 0, 2, 44
4700.0, 3092.3905550202476, 3234.949337321091, 2601.6160802327586, 14.866377601305206, 17067.749818892607, 5, 1, 4, 4, 11, 16, 1, 0, 2, 44
4710.0, 3100.629027277817, 3241.2242200780306, 2607.1513158240004, 14.898007518969262, 17116.130900346277, 5, 1, 4, 4, 11, 16, 1, 0, 2, 44
4720.0, 3108.8696413808093, 3247.4991253819126, 2612.6865514152423, 14.929637436633318, 17164.548964727397, 5, 1, 4, 4, 11, 16, 1, 0, 2, 44
4730.0, 3117.1123980709453, 3253.774053265942, 2618.221787006484, 14.961267354297373, 17213.004013164173, 5, 1, 3, 5, 11, 16, 1, 0, 2, 44
4740.0, 3125.3572966959655, 3260.049003763082, 2623.757022597726, 14.992897271961429, 17261.496046786426, 5, 1, 3, 5, 11, 16, 1, 0, 2, 44
4750.0, 3133.604336936802, 3266.3239769043375, 2629.292258188968, 15.024527189625484, 17310.025066725615, 5, 1, 3, 5, 11, 16, 1, 0, 2, 44
4760.0, 3141.853520121998, 3272.5989727154606, 2634.82749378021, 15.05615710728954, 17358.59107411464, 5, 1, 3, 5, 11, 16, 1, 0, 2, 44
4770.0, 3150.1048453967715, 3278.8739912131146, 2640.3627293714517, 15.087787024953595, 17407.19407008744, 5, 1, 3, 5, 11, 16, 1, 0, 2, 44
4780.0, 3158.3583123785756, 3285.1490324015645, 2645.8979649626935, 15.11941694261765, 17455.83405577852, 5, 1, 3, 5, 11, 16, 1, 0, 2, 44
4790.0, 3166.6139220536325, 3291.4240962708086, 2651.4332005539354, 15.151046860281706, 17504.511032322218, 5, 1, 3, 5, 11, 16, 1, 0, 2, 44
4800.0, 3174.8716742435777, 3297.6991827964903, 2656.9684361451773, 15.182676777945762, 17553.225000852028, 5, 1, 3, 5, 11, 16, 1, 0, 2, 44
4810.0, 3183.131568263371, 3303.974291940594, 2662.503671736419, 15.214306695609817, 17601.975962499862, 5, 1, 3, 5, 11, 16, 1, 0, 1, 45
4820.0, 3191.393604726316, 3310.249423636744, 2668.038907327661, 15.245936613273873, 17650.763918395198, 5, 1, 3, 5, 11, 16, 1, 0, 1, 45
4830.0, 3199.657784088262, 3316.5245774886516, 2673.574142918903, 15.277566530937928, 17699.5888696593, 5, 1, 3, 5, 11, 16, 1, 0, 1, 45
4840.0, 3207.924105421873, 3322.7997474895533, 2679.109378510145, 15.309196448601984, 17748.450817310935, 5, 1, 3, 5, 11, 16, 1, 0, 1, 45
4850.0, 3216.192568908566, 3329.074830565223, 2684.6446141013867, 15.34082636626604, 17797.349760639183, 5, 1, 3, 5, 11, 16, 1, 0, 1, 45
4860.0, 3224.4631745695683, 3335.3480765439094, 2690.1798496926285, 15.372456283930095, 17846.28566931996, 5, 1, 3, 5, 11, 16, 1, 0, 1, 45
4870.0, 3232.73590611174, 3341.5961273352814, 2695.7150852838704, 15.40408620159415, 17895.258073509853, 5, 1, 3, 5, 11, 16, 1, 0, 1, 45
4880.0, 3241.010657560227, 3347.7251574265665, 2701.2503208751123, 15.435716119258206, 17944.263440101597, 5, 1, 3, 5, 11, 16, 1, 0, 1, 45
4890.0, 3249.287245540598, 3353.776063988665, 2706.785556466354, 15.467346036922262, 17993.296056359544, 5, 1, 3, 5, 11, 16, 1, 0, 1, 45
4900.0, 3257.565573315172, 3359.8158262462575, 2712.320792057596, 15.498975954586317, 18042.354073603892, 5, 1, 3, 5, 11, 15, 2, 0, 1, 45
4910.0, 3265.8456087727795, 3365.854628261378, 2717.856027648838, 15.530605872250373, 18091.437283739335, 5, 1, 2, 6, 11, 15, 1, 1, 1, 45
4920.0, 3274.1273446915593, 3371.8933632753688, 2723.3912632400798, 15.562235789914428, 18140.545669746258, 5, 1, 2, 6, 11, 15, 1, 0, 2, 45
4930.0, 3282.4107802476046, 3377.932104398832, 2728.9264988313216, 15.593865707578484, 18189.67923081999, 5, 1, 2, 5, 12, 15, 1, 0, 2, 45
4940.0, 3290.6959149972795, 3383.9708525889578, 2734.4617344225635, 15.62549562524254, 18238.83796739916, 5, 1, 2, 5, 12, 15, 1, 0, 1, 46
4950.0, 3298.9827488064143, 3390.0095381254514, 2739.9969700138054, 15.657125542906595, 18288.021878746567, 5, 1, 2, 5, 12, 15, 1, 0, 1, 46
4960.0, 3307.271282080371, 3396.047544200147, 2745.5322056050472, 15.68875546057065, 18337.230950816942, 5, 1, 2, 5, 12, 15, 1, 0, 1, 46
4970.0, 3315.561512505881, 3402.08215604934, 2751.067441196289, 15.720385378234706, 18386.465093559844, 5, 1, 2, 5, 12, 15, 1, 0, 1, 46
4980.0, 3323.8534342881762, 3408.108717576381, 2756.602676787531, 15.752015295898762, 18435.724018175093, 5, 1, 2, 5, 12, 15, 1, 0, 1, 46
4990.0, 3332.1470390686923, 3414.126718063735, 2762.137912378773, 15.783645213562817, 18485.007280305254, 5, 1, 2, 5, 12, 15, 1, 0, 1, 46
5000.0, 3340.442320601679, 3420.14046940616, 2767.6731479700147, 15.815275131226873, 18534.314554769135, 5, 1, 2, 5, 12, 15, 1, 0, 1, 46
5010.0, 3348.7393154151564, 3426.153077740469, 2773.2083835612566, 15.846905048890928, 18583.64571884661, 5, 1, 2, 5, 12, 15, 1, 0, 1, 46
5020.0, 3357.0380697584174, 3432.1654937913636, 2778.7436191524985, 15.878534966554984, 18633.000745181966, 5, 1, 2, 5, 12, 15, 1, 0, 1, 46
5030.0, 3365.3384173087334, 3438.177874929905, 2784.2788547437403, 15.91016488421904, 18682.379629622323, 5, 1, 2, 5, 12, 15, 1, 0, 1, 46
5040.0, 3373.6403560316394, 3444.1900902531606, 2789.814090334982, 15.941794801883095, 18731.78236849141, 5, 1, 2, 5, 12, 15, 1, 0, 1, 46
5050.0, 3381.9438844977103, 3450.2013211578956, 2795.349325926224, 15.97342471954715, 18781.20893768499, 5, 1, 2, 5, 12, 15, 1, 0, 1, 46
5060.0, 3390.249001736298, 3456.2089599837323, 2800.884561517466, 16.005054637211234, 18830.659231800968, 5, 1, 2, 5, 12, 15, 1, 0, 1, 46
5070.0, 3398.555708083403, 3462.2085062052447, 2806.419797108708, 16.036684554875468, 18880.13296136127, 5, 1, 2, 5, 12, 15, 1, 0, 1, 46
5080.0, 3406.864004663564, 3468.196684221781, 2811.9550326999497, 16.0683144725397, 18929.62962506594, 5, 1, 2, 5, 12, 15, 1, 0, 1, 46
5090.0, 3415.173891461451, 3474.174268074479, 2817.4902682911916, 16.099944390203934, 18979.148657524955, 5, 1, 2, 5, 12, 15, 1, 0, 1, 46
5100.0, 3423.4853668282717, 3480.144610120465, 2823.0255038824334, 16.131574307868167, 19028.689608957797, 5, 1, 2, 5, 12, 15, 1, 0, 1, 46
5110.0, 3431.79842746731, 3486.1111420480997, 2828.5607394736753, 16.1632042255324, 19078.252207201433, 5, 1, 2, 5, 12, 15, 1, 0, 1, 46
5120.0, 3440.1130714763653, 3492.0760761358806, 2834.095975064917, 16.194834143196633, 19127.836323874362, 5, 1, 2, 5, 12, 15, 1, 0, 1, 46
5130.0, 3448.429299462412, 3498.040200875572, 2839.631210656159, 16.226464060860867, 19177.441904197785, 5, 1, 2, 5, 12, 15, 1, 0, 1, 46
5140.0, 3456.7471101845413, 3504.0033717292326, 2845.166446247401, 16.2580939785251, 19227.068906536966, 5, 1, 2, 5, 12, 15, 1, 0, 0, 47
5150.0, 3465.0665028573053, 3509.9651964326094, 2850.701681838643, 16.289723896189333, 19276.717272960035, 5, 1, 2, 5, 12, 15, 1, 0, 0, 47
5160.0, 3473.387477721167, 3515.9255302778897, 2856.2369174298847, 16.321353813853566, 19326.386931142744, 5, 1, 2, 5, 12, 15, 1, 0, 0, 47
5170.0, 3481.710033318296, 3521.884433115509, 2861.7721530211265, 16.3529837315178, 19376.07780785758, 5, 1, 2, 5, 12, 15, 1, 0, 0, 47
5180.0, 3490.0341674184033, 3527.8418751945665, 2867.3073886123684, 16.384613649182032, 19425.789831605478, 5, 1, 2, 5, 12, 15, 1, 0, 0, 47
5190.0, 3498.359879425254, 3533.7976233067056, 2872.8426242036103, 16.416243566846266, 19475.522924222154, 5, 1, 2, 5, 12, 15, 1, 0, 0, 47
5200.0, 3506.687169356215, 3539.751377911756, 2878.377859794852, 16.4478734845105, 19525.276993086773, 5, 1, 2, 5, 12, 15, 1, 0, 0, 47
5210.0, 3515.0160365736124, 3545.703114275356, 2883.913095386094, 16.479503402174732, 19575.05193606944, 5, 1, 2, 5, 12, 15, 1, 0, 0, 47
5220.0, 3523.346481920442, 3551.653245237447, 2889.448330977336, 16.511133319838965, 19624.84766119156, 5, 1, 2, 5, 12, 15, 1, 0, 0, 47
5230.0, 3531.678506951892, 3557.60231609779, 2894.9835665685778, 16.5427632375032, 19674.664102392548, 5, 1, 2, 5, 12, 15, 1, 0, 0, 47
5240.0, 3540.0121108816443, 3563.550595125879, 2900.5188021598196, 16.57439315516743, 19724.501215109034, 5, 1, 2, 5, 12, 15, 1, 0, 0, 47
5250.0, 3548.3472940932024, 3569.4979529240177, 2906.0540377510615, 16.606023072831665, 19774.35895798233, 5, 1, 2, 5, 12, 15, 1, 0, 0, 47
5260.0, 3556.684057367787, 3575.4439916404945, 2911.5892733423034, 16.637652990495898, 19824.23727561553, 5, 1, 2, 5, 12, 15, 1, 0, 0, 47
5270.0, 3565.02240022858, 3581.3882359285117, 2917.1245089335453, 16.66928290816013, 19874.136090017622, 5, 1, 2, 5, 12, 15, 1, 0, 0, 47
5280.0, 3573.3623223619356, 3587.3302813935393, 2922.659744524787, 16.700912825824364, 19924.055300730568, 5, 1, 2, 5, 12, 15, 1, 0, 0, 47
5290.0, 3581.7038236898875, 3593.2698927760416, 2928.194980116029, 16.732542743488597, 19973.994790997123, 5, 1, 2, 5, 12, 15, 1, 0, 0, 47
5300.0, 3590.0469039076743, 3599.2070777454883, 2933.730215707271, 16.76417266115283, 20023.95443818629, 5, 1, 2, 5, 12, 15, 1, 0, 0, 47
5310.0, 3598.391562154988, 3605.1421060164485, 2939.2654512985127, 16.795802578817064, 20073.934126790587, 5, 1, 2, 5, 12, 15, 1, 0, 0, 47
5320.0, 3606.7377977761, 3611.074408576896, 2944.8006868897546, 16.827432496481297, 20123.933758575644, 5, 1, 2, 5, 12, 15, 1, 0, 0, 47
5330.0, 3615.085555215503, 3616.8781706867044, 2950.3359224809965, 16.85906241414553, 20173.95038666038, 5, 1, 2, 5, 12, 15, 1, 0, 0, 47
5340.0, 3623.434770797492, 3622.656784179349, 2955.8711580722384, 16.890692331809763, 20223.979390765107, 4, 1, 3, 5, 12, 14, 1, 1, 0, 47
5350.0, 3631.7854438973923, 3628.4346506696256, 2961.4063936634802, 16.922322249473996, 20274.020543922386, 4, 1, 2, 5, 13, 14, 1, 0, 0, 48
5360.0, 3640.1375755107056, 3634.2118227240603, 2966.941629254722, 16.95395216713823, 20324.073811311453, 4, 1, 2, 5, 13, 14, 1, 0, 0, 48
5370.0, 3648.491166774409, 3639.988186613898, 2972.476864845964, 16.985582084802463, 20374.139155825265, 4, 0, 3, 5, 13, 14, 0, 1, 0, 48
5380.0, 3656.8462187570976, 3645.7635272540156, 2978.012100437206, 17.017212002466696, 20424.216531986258, 4, 0, 3, 5, 13, 14, 0, 1, 0, 48
5390.0, 3665.20273201698, 3651.5375617095665, 2983.5473360284477, 17.04884192013093, 20474.30588167438, 4, 0, 3, 5, 13, 14, 0, 1, 0, 48
5400.0, 3673.560706363975, 3657.31000762814, 2989.0825716196896, 17.080471837795162, 20524.407132172644, 4, 0, 3, 5, 13, 14, 0, 1, 0, 48
5410.0, 3681.920141343771, 3663.0806673468555, 2994.6178072109315, 17.112101755459395, 20574.520198671064, 4, 0, 3, 5, 13, 14, 0, 1, 0, 48
5420.0, 3690.281065520802, 3668.8494856385955, 3000.1530428021733, 17.14373167312363, 20624.6449898452, 4, 0, 3, 5, 13, 14, 0, 1, 0, 48
5430.0, 3698.6434293383754, 3674.6165942369535, 3005.688278393415, 17.175361590787862, 20674.78141597478, 4, 0, 3, 5, 13, 14, 0, 1, 0, 48
5440.0, 3707.0071298187786, 3680.3822459161875, 3011.223513984657, 17.206991508452095, 20724.929397880205, 4, 0, 3, 5, 13, 14, 0, 1, 0, 48
5450.0, 3715.372164495365, 3686.1467262210476, 3016.758749575899, 17.238621426116328, 20775.08886981232, 4, 0, 3, 5, 13, 14, 0, 1, 0, 48
5460.0, 3723.7385328739833, 3691.9102585252544, 3022.293985167141, 17.27025134378056, 20825.259779329856, 4, 0, 3, 5, 13, 14, 0, 1, 0, 48
5470.0, 3732.106234326606, 3697.6729851234895, 3027.8292207583827, 17.301881261444795, 20875.44208293946, 4, 0, 3, 5, 13, 14, 0, 1, 0, 48
5480.0, 3740.4752678793075, 3703.434944229119, 3033.3644563496246, 17.333511179109028, 20925.635741525573, 4, 0, 3, 5, 13, 14, 0, 1, 0, 48
5490.0, 3748.8456337068014, 3709.196142121617, 3038.8996919408664, 17.36514109677326, 20975.840717161256, 4, 0, 3, 5, 13, 14, 0, 1, 0, 48
5500.0, 3757.2173310646463, 3714.9566022237177, 3044.4349275321083, 17.396771014437494, 21026.056972299317, 4, 0, 3, 5, 13, 14, 0, 1, 0, 48
5510.0, 3765.590360690366, 3720.71632609293, 3049.97016312335, 17.428400932101727, 21076.284469953847, 4, 0, 3, 5, 13, 14, 0, 1, 0, 48
5520.0, 3773.9647223222437, 3726.475364941029, 3055.505398714592, 17.46003084976596, 21126.523174450365, 4, 0, 3, 5, 13, 14, 0, 1, 0, 48
5530.0, 3782.340417236313, 3732.2337993028177, 3061.040634305834, 17.491660767430194, 21176.773053442397, 4, 0, 3, 5, 13, 14, 0, 1, 0, 48
5540.0, 3790.7174442493633, 3737.9917253239073, 3066.575869897076, 17.523290685094427, 21227.034079137433, 4, 0, 3, 5, 13, 14, 0, 1, 0, 48
5550.0, 3799.0958037227674, 3743.7492396872663, 3072.1111054883177, 17.55492060275866, 21277.306228592213, 4, 0, 3, 5, 13, 14, 0, 1, 0, 48
5560.0, 3807.475495758172, 3749.506420089115, 3077.6463410795595, 17.586550520422893, 21327.58948322356, 4, 0, 3, 5, 13, 14, 0, 1, 0, 48
5570.0, 3815.8565206385174, 3755.263326605644, 3083.1815766708014, 17.618180438087126, 21377.883828242982, 4, 0, 3, 5, 13, 14, 0, 1, 0, 48
5580.0, 3824.2388785261232, 3761.0199632861622, 3088.7168122620433, 17.64981035575136, 21428.189249946816, 4, 0, 3, 5, 13, 14, 0, 1, 0, 48
5590.0, 3832.622570235913, 3766.776326168309, 3094.252047853285, 17.681440273415593, 21478.505734765462, 4, 0, 3, 5, 13, 14, 0, 1, 0, 48
5600.0, 3841.0075952514726, 3772.5324036629972, 3099.787283444527, 17.713070191079826, 21528.83326871066, 4, 0, 3, 5, 13, 14, 0, 1, 0, 48
5610.0, 3849.3939539119133, 3778.2881914434784, 3105.322519035769, 17.74470010874406, 21579.171837456284, 4, 0, 3, 5, 13, 14, 0, 1, 0, 48
5620.0, 3857.781646535656, 3784.0436711537086, 3110.8577546270108, 17.776330026408292, 21629.521426167517, 4, 0, 3, 5, 13, 14, 0, 1, 0, 48
5630.0, 3866.1706732270177, 3789.7988293816456, 3116.3929902182526, 17.807959944072525, 21679.882018979675, 4, 0, 3, 5, 13, 14, 0, 1, 0, 48
5640.0, 3874.561034287711, 3795.553679313469, 3121.9282258094945, 17.83958986173676, 21730.253600006436, 4, 0, 3, 5, 13, 14, 0, 1, 0, 48
5650.0, 3882.952729527313, 3801.308212924892, 3127.4634614007364, 17.87121977940099, 21780.63615382111, 4, 0, 3, 5, 13, 14, 0, 1, 0, 48
5660.0, 3891.345758953378, 3807.0624392314153, 3132.9986969919782, 17.902849697065225, 21831.02966485845, 4, 0, 3, 5, 13, 14, 0, 1, 0, 48
5670.0, 3899.7401224028617, 3812.8163245685205, 3138.53393258322, 17.934479614729458, 21881.4341168781, 4, 0, 3, 5, 13, 14, 0, 1, 0, 48
5680.0, 3908.1358194490094, 3818.5698063861096, 3144.069168174462, 17.96610953239369, 21931.849491538633, 4, 0, 3, 5, 13, 14, 0, 1, 0, 48
5690.0, 3916.532850389722, 3824.322803106129, 3149.604403765704, 17.997739450057924, 21982.275766616094, 4, 0, 3, 5, 13, 14, 0, 1, 0, 48
5700.0, 3924.9312153166384, 3830.075224026122, 3155.1396393569457, 18.029369367722158, 22032.712915812222, 4, 0, 3, 5, 13, 14, 0, 1, 0, 48
5710.0, 3933.3309136641274, 3835.8269985470097, 3160.6748749481876, 18.06099928538639, 22083.16090824334, 4, 0, 3, 5, 13, 14, 0, 1, 0, 48
5720.0, 3941.731944689151, 3841.578088578932, 3166.2101105394295, 18.092629203050624, 22133.61971009368, 4, 0, 3, 5, 13, 14, 0, 1, 0, 48
5730.0, 3950.134307656604, 3847.3284905440755, 3171.7453461306714, 18.124259120714857, 22184.08928727464, 4, 0, 3, 5, 13, 14, 0, 1, 0, 48
5740.0, 3958.5380017237267, 3853.0783003863294, 3177.280581721913, 18.15588903837909, 22234.5696074302, 4, 0, 3, 5, 13, 14, 0, 1, 0, 48
5750.0, 3966.9430262380765, 3858.827592846844, 3182.815817313155, 18.187518956043323, 22285.060642846947, 4, 0, 3, 5, 13, 14, 0, 1, 0, 48
5760.0, 3975.3493806636984, 3864.5764696230212, 3188.351052904397, 18.219148873707557, 22335.56237021928, 4, 0, 3, 5, 13, 14, 0, 1, 0, 48
5770.0, 3983.757064577083, 3870.325024133608, 3193.886288495639, 18.25077879137179, 22386.074771112606, 4, 0, 3, 5, 13, 14, 0, 1, 0, 48
5780.0, 3992.1660776807216, 3876.0733287670187, 3199.4215240868807, 18.282408709036023, 22436.597831409366, 4, 0, 3, 5, 13, 14, 0, 1, 0, 48
5790.0, 4000.576419774645, 3881.8214391905954, 3204.9567596781226, 18.314038626700256, 22487.1315400603, 4, 0, 3, 5, 13, 14, 0, 1, 0, 48
5800.0, 4008.98809074892, 3887.5693896576054, 3210.4919952693645, 18.34566854436449, 22537.675888298305, 4, 0, 3, 5, 13, 14, 0, 1, 0, 48
5810.0, 4017.4010905527625, 3893.3172024831542, 3216.0272308606063, 18.377298462028723, 22588.23086874231, 4, 0, 3, 5, 13, 14, 0, 1, 0, 48
5820.0, 4025.815419171993, 3899.064888341318, 3221.562466451848, 18.408928379692956, 22638.79647480992, 4, 0, 3, 5, 13, 14, 0, 1, 0, 48
5830.0, 4034.2310766122678, 3904.8124513104794, 3227.09770204309, 18.44055829735719, 22689.37270027964, 4, 0, 3, 5, 13, 14, 0, 1, 0, 48
5840.0, 4042.648062884955, 3910.5598956245294, 3232.632937634332, 18.472188215021422, 22739.959539097188, 4, 0, 3, 5, 13, 14, 0, 1, 0, 48
5850.0, 4051.066378002768, 3916.3072282116455, 3238.168173225574, 18.503818132685655, 22790.556985495823, 4, 0, 3, 5, 13, 14, 0, 1, 0, 48
5860.0, 4059.486021978098, 3922.0544573807542, 3243.7034088168157, 18.53544805034989, 22841.16503410063, 4, 0, 3, 5, 13, 14, 0, 1, 0, 48
5870.0, 4067.9069948231195, 3927.8015899583506, 3249.2386444080576, 18.56707796801412, 22891.783679920543, 4, 0, 3, 5, 13, 14, 0, 1, 0, 48
5880.0, 4076.329296549515, 3933.5486308174936, 3254.7738799992994, 18.598707885678355, 22942.41291825759, 4, 0, 3, 5, 13, 14, 0, 1, 0, 48
5890.0, 4084.752927167978, 3939.2955834124637, 3260.3091155905413, 18.630337803342588, 22993.052744617016, 4, 0, 3, 5, 13, 14, 0, 1, 0, 48
5900.0, 4093.1778866885325, 3945.0424500633144, 3265.844351181783, 18.66196772100682, 23043.703154649535, 4, 0, 3, 5, 13, 14, 0, 1, 0, 48
5910.0, 4101.6041751205885, 3950.7892316016646, 3271.379586773025, 18.693597638671054, 23094.364144086572, 4, 0, 3, 5, 13, 14, 0, 1, 0, 48
5920.0, 4110.031792974974, 3956.5359267681274, 3276.914822364267, 18.725227556335287, 23145.035708649903, 4, 0, 3, 5, 13, 14, 0, 1, 0, 48
5930.0, 4118.460740397785, 3962.2825320687775, 3282.450057955509, 18.75685747399952, 23195.71784394219, 4, 0, 3, 5, 13, 14, 0, 1, 0, 48
5940.0, 4126.891017374084, 3968.0290416583766, 3287.9852935467507, 18.788487391663754, 23246.410545333023, 4, 0, 3, 5, 13, 14, 0, 1, 0, 48
5950.0, 4135.322623765177, 3973.775446788349, 3293.5205291379925, 18.820117309327987, 23297.113807829624, 4, 0, 3, 5, 13, 14, 0, 1, 0, 48
5960.0, 4143.755559459897, 3979.521735276419, 3299.0557647292344, 18.85174722699222, 23347.827625915827, 4, 0, 3, 5, 13, 14, 0, 1, 0, 48
5970.0, 4152.189824299529, 3985.267912169138, 3304.5910003204763, 18.883377144656453, 23398.55199371924, 4, 0, 3, 5, 13, 14, 0, 1, 0, 48
5980.0, 4160.625418376807, 3991.013923092529, 3310.126235911718, 18.915007062320687, 23449.286904748205, 4, 0, 3, 5, 13, 14, 0, 1, 0, 48
5990.0, 4169.062341327638, 3996.7597728464643, 3315.66147150296, 18.94663697998492, 23500.03235035226, 4, 0, 3, 5, 13, 14, 0, 1, 0, 48
6000.0, 4177.500593218223, 4002.505402669496, 3321.196707094202, 18.978266897649153, 23550.788321438606, 4, 0, 3, 5, 13, 14, 0, 1, 0, 48
6010.0, 4185.940173605551, 4008.250819852417, 3326.7319426854438, 19.009896815313386, 23601.554806786782, 4, 0, 3, 5, 13, 14, 0, 1, 0, 48
6020.0, 4194.381082083855, 4013.9959766812194, 3332.2671782766856, 19.04152673297762, 23652.331794793583, 4, 0, 3, 5, 13, 14, 0, 1, 0, 48
6030.0, 4202.82331920402, 4019.7409040202388, 3337.8024138679275, 19.073156650641852, 23703.119273163757, 4, 0, 3, 5, 13, 14, 0, 1, 0, 48
6040.0, 4211.26688430881, 4025.485579487375, 3343.3376494591694, 19.104786568306086, 23753.917229502782, 4, 0, 3, 5, 13, 14, 0, 1, 0, 48
6050.0, 4219.711776935138, 4031.2300664311992, 3348.8728850504112, 19.13641648597032, 23804.7256531458, 4, 0, 3, 5, 13, 14, 0, 1, 0, 48
6060.0, 4228.1579967623065, 4036.974369058946, 3354.408120641653, 19.168046403634552, 23855.54453424196, 4, 0, 3, 5, 13, 14, 0, 1, 0, 48
6070.0, 4236.605543830351, 4042.7185336578027, 3359.943356232895, 19.199676321298785, 23906.373865365418, 4, 0, 3, 5, 13, 14, 0, 1, 0, 48
6080.0, 4245.054417681824, 4048.4625928548853, 3365.478591824137, 19.23130623896302, 23957.21364020486, 4, 0, 3, 5, 13, 14, 0, 1, 0, 48
6090.0, 4253.50461864284, 4054.206562877651, 3371.0138274153787, 19.26293615662725, 24008.063853752148, 4, 0, 3, 5, 13, 14, 0, 1, 0, 48
6100.0, 4261.956146252677, 4059.9504669723274, 3376.5490630066206, 19.294566074291485, 24058.924502160575, 4, 0, 3, 5, 13, 14, 0, 1, 0, 48
6110.0, 4270.4090003782385, 4065.6943129044917, 3382.0842985978625, 19.326195991955718, 24109.795582404186, 4, 0, 3, 5, 13, 14, 0, 1, 0, 48
6120.0, 4278.863180966006, 4071.438111874385, 3387.6195341891043, 19.35782590961995, 24160.677092099202, 4, 0, 3, 5, 13, 14, 0, 1, 0, 48
6130.0, 4287.318687988501, 4077.181873804274, 3393.154769780346, 19.389455827284184, 24211.569029169976, 4, 0, 3, 5, 13, 14, 0, 1, 0, 48
6140.0, 4295.775521742856, 4082.9256040885703, 3398.690005371588, 19.421085744948417, 24262.47139174815, 4, 0, 3, 5, 13, 14, 0, 1, 0, 48
6150.0, 4304.233682096513, 4088.6693040191612, 3404.22524096283, 19.45271566261265, 24313.38417813553, 4, 0, 3, 5, 13, 14, 0, 1, 0, 48
6160.0, 4312.693169189939, 4094.412972481801, 3409.760476554072, 19.484345580276884, 24364.3073867954, 4, 0, 3, 5, 13, 14, 0, 1, 0, 48
6170.0, 4321.153982907134, 4100.156609440787, 3415.2957121453137, 19.515975497941117, 24415.241016307584, 4, 0, 3, 5, 13, 14, 0, 1, 0, 48
6180.0, 4329.616123199967, 4105.9002168208635, 3420.8309477365556, 19.54760541560535, 24466.18506529786, 4, 0, 3, 5, 13, 14, 0, 1, 0, 48
6190.0, 4338.079590077111, 4111.643800284617, 3426.3661833277974, 19.579235333269583, 24517.139532404875, 4, 0, 3, 5, 13, 14, 0, 1, 0, 48
6200.0, 4346.54438350739, 4117.387364316586, 3431.9014189190393, 19.610865250933816, 24568.104416352886, 4, 0, 3, 5, 13, 14, 0, 1, 0, 48
6210.0, 4355.010503450899, 4123.130909939049, 3437.436654510281, 19.64249516859805, 24619.079716076274, 4, 0, 3, 5, 13, 14, 0, 1, 0, 48
6220.0, 4363.477950465141, 4128.874439308579, 3442.971890101523, 19.674125086262283, 24670.065430950453, 4, 0, 3, 5, 13, 14, 0, 1, 0, 48
6230.0, 4371.946724161305, 4134.6179441860595, 3448.507125692765, 19.705755003926516, 24721.061559763435, 4, 0, 3, 5, 13, 14, 0, 1, 0, 48
6240.0, 4380.416824528788, 4140.361426686281, 3454.042361284007, 19.73738492159075, 24772.068101569683, 4, 0, 3, 5, 13, 14, 0, 1, 0, 48
6250.0, 4388.888251542558, 4146.104870574616, 3459.5775968752487, 19.769014839254982, 24823.085054714094, 4, 0, 3, 5, 13, 14, 0, 1, 0, 48
6260.0, 4397.361005140224, 4151.848279161607, 3465.1128324664905, 19.800644756919215, 24874.11241747713, 4, 0, 3, 5, 13, 14, 0, 1, 0, 48
6270.0, 4405.8350852790645, 4157.591636416807, 3470.6480680577324, 19.83227467458345, 24925.150187647727, 4, 0, 3, 5, 13, 14, 0, 1, 0, 48
6280.0, 4414.310492191359, 4163.3349270706185, 3476.1833036489743, 19.863904592247682, 24976.19836226425, 4, 0, 3, 5, 13, 14, 0, 1, 0, 48
6290.0, 4422.787225505465, 4169.078140748008, 3481.718539240216, 19.895534509911915, 25027.256937745817, 4, 0, 3, 5, 13, 14, 0, 1, 0, 48
6300.0, 4431.265285126549, 4174.821265255994, 3487.253774831458, 19.927164427576148, 25078.325909920055, 4, 0, 3, 5, 13, 14, 0, 1, 0, 48
6310.0, 4439.74467093788, 4180.564294184591, 3492.7890104227, 19.95879434524038, 25129.40527416842, 4, 0, 3, 5, 13, 14, 0, 1, 0, 48
6320.0, 4448.225382809546, 4186.30722266656, 3498.324246013942, 19.990424262904614, 25180.49502557341, 4, 0, 3, 5, 13, 14, 0, 1, 0, 48
6330.0, 4456.707420604534, 4192.050049917518, 3503.8594816051836, 20.022054180568848, 25231.595159078028, 4, 0, 3, 5, 13, 14, 0, 1, 0, 48
6340.0, 4465.190784475063, 4197.792780480719, 3509.3947171964255, 20.05368409823308, 25282.70566971751, 4, 0, 2, 6, 13, 14, 0, 0, 1, 48
6350.0, 4473.675473995682, 4203.535422927586, 3514.9299527876674, 20.085314015897314, 25333.826552858205, 4, 0, 2, 6, 13, 14, 0, 0, 1, 48
6360.0, 4482.16148905006, 4209.277989260527, 3520.4651883789093, 20.116943933561547, 25384.957804388778, 4, 0, 2, 6, 13, 14, 0, 0, 1, 48
6370.0, 4490.648829536709, 4215.020492554803, 3526.000423970151, 20.14857385122578, 25436.099420830025, 4, 0, 2, 6, 13, 14, 0, 0, 1, 48
6380.0, 4499.1374953713175, 4220.762945511201, 3531.535659561393, 20.180203768890014, 25487.25139935198, 4, 0, 2, 6, 13, 14, 0, 0, 1, 48
6390.0, 4507.6274864880925, 4226.505359450389, 3537.070895152635, 20.211833686554247, 25538.41373772647, 4, 0, 2, 6, 13, 14, 0, 0, 1, 48
6400.0, 4516.118803121696, 4232.2477436273775, 3542.6061307438767, 20.24346360421848, 25589.586434239853, 4, 0, 2, 6, 13, 14, 0, 0, 1, 48
6410.0, 4524.61144494724, 4237.990105124913, 3548.1413663351186, 20.275093521882713, 25640.769487585923, 4, 0, 2, 6, 13, 14, 0, 0, 1, 48
6420.0, 4533.105411939029, 4243.73244894397, 3553.6766019263605, 20.306723439546946, 25691.962896758378, 4, 0, 2, 6, 13, 14, 0, 0, 1, 48
6430.0, 4541.600704076358, 4249.474778607642, 3559.2118375176024, 20.33835335721118, 25743.16666096076, 4, 0, 2, 6, 13, 14, 0, 0, 1, 48
6440.0, 4550.0973213434345, 4255.217096923458, 3564.7470731088442, 20.369983274875413, 25794.380779553107, 4, 0, 2, 6, 13, 14, 0, 0, 1, 48
6450.0, 4558.595263730957, 4260.959406124683, 3570.282308700086, 20.401613192539646, 25845.605252023724, 4, 0, 2, 6, 13, 14, 0, 0, 1, 48
6460.0, 4567.094531520845, 4266.701707474473, 3575.817544291328, 20.43324311020388, 25896.840077951325, 4, 0, 2, 6, 13, 14, 0, 0, 1, 48
6470.0, 4575.595124421077, 4272.444001198392, 3581.35277988257, 20.464873027868112, 25948.085256951825, 4, 0, 2, 6, 13, 14, 0, 0, 1, 48
6480.0, 4584.097042431415, 4278.186287157254, 3586.8880154738117, 20.496502945532345, 25999.340788640937, 4, 0, 2, 6, 13, 14, 0, 0, 1, 48
6490.0, 4592.600285548238, 4283.928565794468, 3592.4232510650536, 20.52813286319658, 26050.60667264037, 4, 0, 2, 6, 13, 14, 0, 0, 1, 48
6500.0, 4601.104853766344, 4289.670838303922, 3597.9584866562955, 20.55976278086081, 26101.88290861626, 4, 0, 2, 6, 13, 14, 0, 0, 1, 48
6510.0, 4609.610747082641, 4295.413105652255, 3603.4937222475373, 20.591392698525045, 26153.169496294915, 4, 0, 2, 6, 13, 14, 0, 0, 1, 48
6520.0, 4618.117965784561, 4301.155367557985, 3609.028957838779, 20.623022616189278, 26204.466435422688, 4, 0, 2, 6, 13, 14, 0, 0, 1, 48
6530.0, 4626.626509579396, 4306.897622320087, 3614.564193430021, 20.65465253385351, 26255.773725695322, 4, 0, 2, 6, 13, 14, 0, 0, 1, 48
6540.0, 4635.136378466077, 4312.639867137874, 3620.099429021263, 20.686282451517744, 26307.091366694294, 4, 0, 2, 6, 13, 14, 0, 0, 1, 48
6550.0, 4643.647572436064, 4318.382098333205, 3625.634664612505, 20.717912369181978, 26358.419357838095, 4, 0, 2, 6, 13, 14, 0, 0, 1, 48
6560.0, 4652.1600914725195, 4324.1243114052395, 3631.1699002037467, 20.74954228684621, 26409.757698339745, 4, 0, 2, 6, 13, 14, 0, 0, 1, 48
6570.0, 4660.673935551828, 4329.866501152115, 3636.7051357949886, 20.781172204510444, 26461.106387167718, 4, 0, 2, 6, 13, 14, 0, 0, 1, 48
6580.0, 4669.1891049339165, 4335.608662016491, 3642.2403713862304, 20.812802122174677, 26512.465423018388, 4, 0, 2, 6, 13, 14, 0, 0, 1, 48
6590.0, 4677.7055992867745, 4341.350788608358, 3647.7756069774723, 20.84443203983891, 26563.834804310904, 4, 0, 2, 6, 13, 14, 0, 0, 1, 48
6600.0, 4686.22341856749, 4347.092876263428, 3653.310842568714, 20.876061957503143, 26615.21452920951, 4, 0, 2, 6, 13, 14, 0, 0, 1, 48
6610.0, 4694.742562723776, 4352.834921531381, 3658.846078159956, 20.907691875167377, 26666.604595672645, 4, 0, 2, 6, 13, 14, 0, 0, 1, 48
6620.0, 4703.2630316959385, 4358.576922552501, 3664.381313751198, 20.93932179283161, 26718.005001523572, 4, 0, 2, 6, 13, 14, 0, 0, 1, 48
6630.0, 4711.784825420984, 4364.318879294071, 3669.91654934244, 20.970951710495843, 26769.415744536735, 4, 0, 2, 6, 13, 14, 0, 0, 1, 48
6640.0, 4720.30794411895, 4370.060793590666, 3675.4517849336817, 21.002581628160076, 26820.836822531415, 4, 0, 2, 6, 13, 14, 0, 0, 1, 48
6650.0, 4728.832387438694, 4375.802668935745, 3680.9870205249235, 21.03421154582431, 26872.268233461302, 4, 0, 2, 6, 13, 14, 0, 0, 1, 48
6660.0, 4737.358155322338, 4381.544510038147, 3686.5222561161654, 21.065841463488542, 26923.709975487465, 4, 0, 2, 6, 13, 14, 0, 0, 1, 48
6670.0, 4745.885247715979, 4387.286322241193, 3692.0574917074073, 21.097471381152776, 26975.162047025427, 4, 0, 2, 6, 13, 14, 0, 0, 1, 48
6680.0, 4754.413664572939, 4393.028110941339, 3697.592727298649, 21.12910129881701, 27026.62444676229, 4, 0, 2, 6, 13, 14, 0, 0, 1, 48
6690.0, 4762.943405856917, 4398.7698811203, 3703.127962889891, 21.160731216481242, 27078.097173647366, 4, 0, 2, 6, 13, 14, 0, 0, 1, 48
6700.0, 4771.474471827404, 4404.51163705025, 3708.663198481133, 21.192361134145475, 27129.580226863556, 4, 0, 2, 6, 13, 14, 0, 0, 1, 48
6710.0, 4780.006862174918, 4410.253382180297, 3714.1984340723748, 21.22399105180971, 27181.073605788348, 4, 0, 2, 6, 13, 14, 0, 0, 1, 48
6720.0, 4788.5405768867595, 4415.995119172237, 3719.7336696636166, 21.25562096947394, 27232.577309953074, 4, 0, 2, 6, 13, 14, 0, 0, 1, 48
6730.0, 4797.075615951209, 4421.736850021049, 3725.2689052548585, 21.287250887138175, 27284.09133900624, 4, 0, 2, 6, 13, 14, 0, 0, 1, 48
6740.0, 4805.611979357794, 4427.478576185446, 3730.8041408461004, 21.318880804802408, 27335.615692683306, 4, 0, 2, 6, 13, 14, 0, 0, 1, 48
6750.0, 4814.149667099458, 4433.2202986862485, 3736.3393764373423, 21.35051072246664, 27387.15037078215, 4, 0, 2, 6, 13, 14, 0, 0, 1, 48
6760.0, 4822.688679460616, 4438.962018188069, 3741.874612028584, 21.382140640130874, 27438.695373142946, 4, 0, 2, 6, 13, 14, 0, 0, 1, 48
6770.0, 4831.229016147365, 4444.703735103745, 3747.409847619826, 21.413770557795107, 27490.25069963246, 4, 0, 2, 6, 13, 14, 0, 0, 1, 48
6780.0, 4839.7706771607545, 4450.445449719509, 3752.945083211068, 21.44540047545934, 27541.816350134297, 4, 0, 2, 6, 13, 14, 0, 0, 1, 48
6790.0, 4848.313662499204, 4456.1871622780545, 3758.4803188023097, 21.477030393123574, 27593.392324544853, 4, 0, 2, 6, 13, 14, 0, 0, 1, 48
6800.0, 4856.857972158994, 4461.928872953922, 3764.0155543935516, 21.508660310787807, 27644.978622770606, 4, 0, 2, 6, 13, 14, 0, 0, 1, 48
6810.0, 4865.403606136937, 4467.670581725393, 3769.5507899847935, 21.54029022845204, 27696.575244721625, 4, 0, 2, 6, 13, 14, 0, 0, 1, 48
6820.0, 4873.950564721367, 4473.412288218219, 3775.0860255760354, 21.571920146116273, 27748.182190297517, 4, 0, 2, 6, 13, 14, 0, 0, 1, 48
6830.0, 4882.498847616704, 4479.153991600468, 3780.621261167277, 21.603550063780506, 27799.799459366597, 4, 0, 2, 6, 13, 14, 0, 0, 1, 48
6840.0, 4891.048454823616, 4484.89569055628, 3786.156496758519, 21.63517998144474, 27851.427051741884, 4, 0, 2, 6, 13, 14, 0, 0, 1, 48
6850.0, 4899.599386338789, 4490.637383322134, 3791.691732349761, 21.666809899108973, 27903.0649671576, 4, 0, 2, 6, 13, 14, 0, 0, 1, 48
6860.0, 4908.1516421544775, 4496.379067765497, 3797.226967941003, 21.698439816773206, 27954.713205248558, 4, 0, 2, 6, 13, 14, 0, 0, 1, 48
6870.0, 4916.70522225961, 4502.120741502971, 3802.7622035322447, 21.73006973443744, 28006.37176553468, 4, 0, 2, 6, 13, 14, 0, 0, 1, 48
6880.0, 4925.260126923054, 4507.862402062234, 3808.2974391234866, 21.761699652101672, 28058.040647412716, 4, 0, 2, 6, 13, 14, 0, 0, 1, 48
6890.0, 4933.8163558363885, 4513.604047081492, 3813.8326747147285, 21.793329569765906, 28109.719850157067, 4, 0, 2, 6, 13, 14, 0, 0, 1, 48
6900.0, 4942.373908975959, 4519.345674524893, 3819.3679103059703, 21.82495948743014, 28161.40937293121, 4, 0, 2, 6, 13, 14, 0, 0, 1, 48
6910.0, 4950.932786312187, 4525.087282883824, 3824.903145897212, 21.856589405094372, 28213.109214809767, 4, 0, 2, 6, 13, 14, 0, 0, 1, 48
6920.0, 4959.492987812479, 4530.828871334194, 3830.438381488454, 21.888219322758605, 28264.819374809555, 4, 0, 2, 6, 13, 14, 0, 0, 1, 48
6930.0, 4968.054513445198, 4536.570439824457, 3835.973617079696, 21.919849240422838, 28316.539851926762, 4, 0, 2, 6, 13, 14, 0, 0, 1, 48
6940.0, 4976.617363466696, 4542.311989077401, 3841.508852670938, 21.95147915808707, 28368.270645176264, 4, 0, 2, 6, 13, 14, 0, 0, 1, 48
6950.0, 4985.181537558699, 4548.053520501904, 3847.0440882621797, 21.983109075751305, 28420.011753628612, 4, 0, 2, 6, 13, 14, 0, 0, 1, 48
6960.0, 4993.747035696332, 4553.795036028388, 3852.5793238534216, 22.014738993415538, 28471.76317644045, 4, 0, 2, 6, 13, 14, 0, 0, 1, 48
6970.0, 5002.313857854305, 4559.536537898113, 3858.1145594446634, 22.04636891107977, 28523.52491287516, 4, 0, 2, 6, 13, 14, 0, 0, 1, 48
6980.0, 5010.8820040087385, 4565.278028445286, 3863.6497950359053, 22.077998828744004, 28575.296962312652, 4, 0, 2, 6, 13, 14, 0, 0, 1, 48
6990.0, 5019.451474140404, 4571.019509908283, 3869.185030627147, 22.109628746408237, 28627.07932424871, 4, 0, 2, 6, 13, 14, 0, 0, 1, 48
7000.0, 5028.022268523384, 4576.760984294431, 3874.720266218389, 22.14125866407247, 28678.87199828622, 4, 0, 2, 6, 13, 14, 0, 0, 1, 48
7010.0, 5036.59438685551, 4582.502453306215, 3880.255501809631, 22.172888581736704, 28730.674984121204, 4, 0, 2, 6, 13, 14, 0, 0, 1, 48
7020.0, 5045.167829131599, 4588.24391832186, 3885.790737400873, 22.204518499400937, 28782.488281526483, 4, 0, 2, 6, 13, 14, 0, 0, 1, 48
7030.0, 5053.742595345632, 4593.985380413981, 3891.3259729921147, 22.23614841706517, 28834.311890335615, 4, 0, 2, 6, 13, 14, 0, 0, 1, 48
7040.0, 5062.318685490865, 4599.7268403888, 3896.8612085833565, 22.267778334729403, 28886.145810428246, 4, 0, 2, 6, 13, 14, 0, 0, 1, 48
7050.0, 5070.896099562243, 4605.468298833346, 3902.3964441745984, 22.299408252393636, 28937.99004171776, 4, 0, 2, 6, 13, 14, 0, 0, 1, 48
7060.0, 5079.474837847357, 4611.209756163836, 3907.9316797658403, 22.33103817005787, 28989.844584141265, 4, 0, 2, 6, 13, 14, 0, 0, 1, 48
7070.0, 5088.05490005124, 4616.951212670127, 3913.466915357082, 22.362668087722103, 29041.709437652076, 4, 0, 2, 6, 13, 14, 0, 0, 1, 48
7080.0, 5096.636286176944, 4622.692668548802, 3919.002150948324, 22.394298005386336, 29093.584602214105, 4, 0, 2, 6, 13, 14, 0, 0, 1, 48
7090.0, 5105.218996225925, 4628.43412391586, 3924.537386539566, 22.42592792305057, 29145.47007779757, 4, 0, 2, 6, 13, 14, 0, 0, 1, 48
7100.0, 5113.803030198092, 4634.175578794263, 3930.0726221308078, 22.457557840714802, 29197.365864374755, 4, 0, 2, 6, 13, 14, 0, 0, 1, 48
7110.0, 5122.388388093357, 4639.9170330810275, 3935.6078577220496, 22.489187758379035, 29249.271961914757, 4, 0, 2, 6, 13, 14, 0, 0, 1, 48
7120.0, 5130.975070195045, 4645.6584865071645, 3941.1430933132915, 22.52081767604327, 29301.18837037643, 4, 0, 2, 6, 13, 14, 0, 0, 1, 48
7130.0, 5139.563076212622, 4651.399938606072, 3946.6783289045334, 22.5524475937075, 29353.115089699717, 4, 0, 2, 6, 13, 14, 0, 0, 1, 48
7140.0, 5148.152406143266, 4657.141388701942, 3952.2135644957752, 22.584077511371735, 29405.05211979574, 4, 0, 2, 6, 13, 14, 0, 0, 1, 48
7150.0, 5156.743059980382, 4662.882835923087, 3957.748800087017, 22.615707429035968, 29456.99946053716, 4, 0, 2, 6, 13, 14, 0, 0, 1, 48
7160.0, 5165.33503771547, 4668.624279240233, 3963.284035678259, 22.6473373467002, 29508.957111749733, 4, 0, 2, 6, 13, 14, 0, 0, 1, 48
7170.0, 5173.928339340792, 4674.365717527125, 3968.819271269501, 22.678967264364434, 29560.92507320629, 4, 0, 2, 6, 13, 14, 0, 0, 1, 48
7180.0, 5182.522965135157, 4680.107149639042, 3974.3545068607427, 22.710597182028668, 29612.903344624036, 4, 0, 2, 6, 13, 14, 0, 0, 1, 48
7190.0, 5191.118914800062, 4685.848574502521, 3979.8897424519846, 22.7422270996929, 29664.891925666052, 4, 0, 2, 6, 13, 14, 0, 0, 1, 48
7200.0, 5199.716188326766, 4691.58999120692, 3985.4249780432265, 22.773857017357134, 29716.890815947107, 4, 0, 2, 6, 13, 14, 0, 0, 1, 48
7210.0, 5208.314785701884, 4697.331399086581, 3990.9602136344683, 22.805486935021367, 29768.9000150438, 4, 0, 2, 6, 13, 14, 0, 0, 1, 48
7220.0, 5216.914706909086, 4703.072797782314, 3996.49544922571, 22.8371168526856, 29820.91952250822, 4, 0, 2, 6, 13, 14, 0, 0, 1, 48
7230.0, 5225.515951932585, 4708.814187272975, 4002.030684816952, 22.868746770349833, 29872.949337883896, 4, 0, 2, 6, 13, 14, 0, 0, 1, 48
7240.0, 5234.118521046397, 4714.55556787213, 4007.565920408194, 22.900376688014067, 29924.98946072238, 4, 0, 2, 6, 13, 14, 0, 0, 1, 48
7250.0, 5242.722413945601, 4720.296940190346, 4013.101155999436, 22.9320066056783, 29977.039890598913, 4, 0, 2, 6, 13, 14, 0, 0, 1, 48
7260.0, 5251.327630620478, 4726.038305069493, 4018.6363915906777, 22.963636523342533, 30029.100627125317, 4, 0, 2, 6, 13, 14, 0, 0, 1, 48
7270.0, 5259.934171059504, 4731.779663500065, 4024.1716271819196, 22.995266441006766, 30081.171669959287, 4, 0, 2, 6, 13, 14, 0, 0, 1, 48
7280.0, 5268.542035250222, 4737.521016534804, 4029.7068627731614, 23.026896358671, 30133.253018809348, 4, 0, 2, 6, 13, 14, 0, 0, 1, 48
7290.0, 5277.151223182147, 4743.262365210861, 4035.2420983644033, 23.058526276335233, 30185.344673435706, 4, 0, 2, 6, 13, 14, 0, 0, 1, 48
7300.0, 5285.761735138098, 4749.003710489359, 4040.777333955645, 23.090156193999466, 30237.44663364761, 4, 0, 2, 6, 13, 14, 0, 0, 1, 48
7310.0, 5294.373570819126, 4754.745053216127, 4046.312569546887, 23.1217861116637, 30289.55889929835, 4, 0, 2, 6, 13, 14, 0, 0, 1, 48
7320.0, 5302.986730225191, 4760.48639410286, 4051.847805138129, 23.153416029327932, 30341.68147027868, 4, 0, 2, 6, 13, 14, 0, 0, 1, 48
7330.0, 5311.6012133554605, 4766.227733724643, 4057.383040729371, 23.185045946992165, 30393.814346510004, 4, 0, 2, 6, 13, 14, 0, 0, 1, 48
7340.0, 5320.217020208299, 4771.969072528604, 4062.9182763206127, 23.2166758646564, 30445.957527937724, 4, 0, 2, 6, 13, 14, 0, 0, 1, 48
7350.0, 5328.834150782797, 4777.710410848588, 4068.4535119118545, 23.24830578232063, 30498.11101452532, 4, 0, 2, 6, 13, 14, 0, 0, 1, 48
7360.0, 5337.452605362164, 4783.451748921714, 4073.9887475030964, 23.279935699984865, 30550.27480624946, 4, 0, 2, 6, 13, 14, 0, 0, 1, 48
7370.0, 5346.072383656569, 4789.19308690336, 4079.5239830943383, 23.311565617649098, 30602.448903095876, 4, 0, 2, 6, 13, 14, 0, 0, 1, 48
7380.0, 5354.693485664888, 4794.934424877951, 4085.05921868558, 23.34319553531333, 30654.633305056122, 4, 0, 2, 6, 13, 14, 0, 0, 1, 48
7390.0, 5363.31591138339, 4800.675762863774, 4090.594454276822, 23.374825452977564, 30706.828012124653, 4, 0, 2, 6, 13, 14, 0, 0, 1, 48
7400.0, 5371.939660807789, 4806.417100811734, 4096.129689868063, 23.406455370641797, 30759.033024296004, 4, 0, 2, 6, 13, 14, 0, 0, 1, 48
7410.0, 5380.564733936103, 4812.1584385997185, 4101.664925459259, 23.43808528830603, 30811.248341561746, 4, 0, 2, 6, 13, 14, 0, 0, 1, 48
7420.0, 5389.191131054413, 4817.899776025943, 4107.200161050456, 23.469715205970264, 30863.473963906843, 4, 0, 2, 6, 13, 14, 0, 0, 1, 48
7430.0, 5397.818851872935, 4823.641112805056, 4112.735396641652, 23.501345123634497, 30915.70989130577, 4, 0, 2, 6, 13, 14, 0, 0, 1, 48
7440.0, 5406.447896392888, 4829.382448570401, 4118.270632232849, 23.53297504129873, 30967.95612371829, 4, 0, 2, 6, 13, 14, 0, 0, 1, 48
7450.0, 5415.078264611709, 4835.123782884436, 4123.805867824045, 23.564604958962963, 31020.21266108545, 4, 0, 2, 6, 13, 14, 0, 0, 1, 48
7460.0, 5423.709956524283, 4840.865115257965, 4129.341103415241, 23.596234876627197, 31072.479503326274, 4, 0, 2, 6, 13, 14, 0, 0, 1, 48
7470.0, 5432.342972125901, 4846.606445177392, 4134.876339006438, 23.62786479429143, 31124.756650335454, 4, 0, 2, 6, 13, 14, 0, 0, 1, 48
7480.0, 5440.977311700958, 4852.347772138115, 4140.411574597634, 23.659494711955663, 31177.044101982687, 4, 0, 2, 6, 13, 14, 0, 0, 1, 48
7490.0, 5449.612974906328, 4858.089095681171, 4145.946810188831, 23.691124629619896, 31229.341858113698, 4, 0, 2, 6, 13, 14, 0, 0, 1, 48
7500.0, 5458.249927625648, 4863.830415429401, 4151.482045780027, 23.72275454728413, 31281.649918553077, 4, 0, 2, 6, 13, 14, 0, 0, 1, 48
7510.0, 5466.887942478291, 4869.571731118994, 4157.017281371223, 23.754384464948362, 31333.96828310896, 4, 0, 2, 6, 13, 14, 0, 0, 1, 48
7520.0, 5475.526679458001, 4875.313042622351, 4162.55251696242, 23.786014382612596, 31386.296951579057, 4, 0, 2, 6, 13, 14, 0, 0, 1, 48
7530.0, 5484.1659092646805, 4881.054349959066, 4168.087752553616, 23.81764430027683, 31438.635923757534, 4, 0, 2, 6, 13, 14, 0, 0, 1, 48
7540.0, 5492.805538033356, 4886.795653293328, 4173.622988144813, 23.849274217941062, 31490.98519944214, 4, 0, 2, 6, 13, 14, 0, 0, 1, 48
7550.0, 5501.445535688684, 4892.536952917937, 4179.158223736009, 23.880904135605295, 31543.344778440907, 4, 0, 2, 6, 13, 14, 0, 0, 1, 48
7560.0, 5510.0858937122875, 4898.278249227157, 4184.693459327205, 23.91253405326953, 31595.71466057777, 4, 0, 2, 6, 13, 14, 0, 0, 1, 48
7570.0, 5518.726609740398, 4904.019542682256, 4190.228694918402, 23.94416397093376, 31648.094845696738, 4, 0, 2, 6, 13, 14, 0, 0, 1, 48
7580.0, 5527.367683120722, 4909.760833774435, 4195.763930509598, 23.975793888597995, 31700.48533366431, 4, 0, 2, 6, 13, 14, 0, 0, 1, 48
7590.0, 5536.009113672616, 4915.502122989852, 4201.2991661007945, 24.007423806262228, 31752.886124370194, 4, 0, 2, 6, 13, 14, 0, 0, 1, 48
7600.0, 5544.650901628723, 4921.243410780524, 4206.834401691991, 24.03905372392646, 31805.297217726686, 4, 0, 2, 6, 13, 14, 0, 0, 1, 48
7610.0, 5553.293046684274, 4926.9846975434875, 4212.369637283187, 24.070683641590694, 31857.718613666682, 4, 0, 2, 6, 13, 14, 0, 0, 1, 48
7620.0, 5561.935548833519, 4932.725983609, 4217.904872874384, 24.102313559254927, 31910.15031214109, 4, 0, 2, 6, 13, 14, 0, 0, 1, 48
7630.0, 5570.578408071671, 4938.467269237095, 4223.44010846558, 24.13394347691916, 31962.59231311603, 4, 0, 2, 6, 13, 14, 0, 0, 1, 48
7640.0, 5579.221624394944, 4944.208554620826, 4228.9753440567765, 24.165573394583394, 32015.044616569667, 4, 0, 2, 6, 13, 14, 0, 0, 1, 48
7650.0, 5587.865197802409, 4949.949839893956, 4234.510579647973, 24.197203312247627, 32067.507222489625, 4, 0, 2, 6, 13, 14, 0, 0, 1, 48
7660.0, 5596.509128581242, 4955.69112514064, 4240.045815239169, 24.22883322991186, 32119.980130870397, 4, 0, 2, 6, 13, 14, 0, 0, 1, 48
7670.0, 5605.153416442833, 4961.432410404943, 4245.581050830366, 24.260463147576093, 32172.463341711325, 4, 0, 2, 6, 13, 14, 0, 0, 1, 48
7680.0, 5613.798061390019, 4967.173695698372, 4251.116286421562, 24.292093065240326, 32224.95685501479, 4, 0, 2, 6, 13, 14, 0, 0, 1, 48
7690.0, 5622.443063422795, 4972.914981002649, 4256.6515220127585, 24.32372298290456, 32277.460670784414, 4, 0, 2, 6, 13, 14, 0, 0, 1, 48
7700.0, 5631.088422539637, 4978.656266194906, 4262.186757603955, 24.355352900568793, 32329.974789022497, 4, 0, 2, 6, 13, 14, 0, 0, 1, 48
7710.0, 5639.734138739569, 4984.397549301527, 4267.721993195151, 24.386982818233026, 32382.499209699068, 4, 0, 2, 6, 13, 13, 1, 0, 1, 48
7720.0, 5648.380212301062, 4990.138802972121, 4273.257228786348, 24.41861273589726, 32435.03393228067, 4, 0, 2, 6, 13, 13, 1, 0, 1, 48
7730.0, 5657.026642818793, 4995.879778335257, 4278.792464377544, 24.450242653561492, 32487.57895099488, 4, 0, 2, 6, 13, 13, 1, 0, 1, 48
7740.0, 5665.673429467652, 5001.619003718032, 4284.3276999687405, 24.481872571225725, 32540.134224108137, 4, 0, 2, 6, 13, 13, 1, 0, 1, 48
7750.0, 5674.320568246773, 5007.3514422437975, 4289.862935559937, 24.51350248888996, 32592.699553862443, 4, 0, 2, 6, 13, 13, 1, 0, 1, 48
7760.0, 5682.968046928453, 5013.075271807609, 4295.398171151133, 24.545132406554192, 32645.274517227263, 4, 0, 1, 7, 13, 13, 1, 0, 1, 48
7770.0, 5691.615844321378, 5018.7915209881585, 4300.93340674233, 24.576762324218425, 32697.858712316152, 4, 0, 1, 7, 13, 13, 1, 0, 1, 48
7780.0, 5700.2639412978815, 5024.503258303123, 4306.468642333526, 24.608392241882658, 32750.451828468493, 4, 0, 1, 7, 13, 13, 1, 0, 1, 48
7790.0, 5708.912326226575, 5030.213447089799, 4312.0038779247225, 24.64002215954689, 32803.05372230743, 4, 0, 1, 7, 13, 13, 1, 0, 1, 48
7800.0, 5717.560994364073, 5035.923283634246, 4317.539113515919, 24.671652077211125, 32855.66435256217, 4, 0, 1, 7, 13, 13, 1, 0, 1, 48
7810.0, 5726.209944282917, 5041.633061672228, 4323.074349107115, 24.703281994875358, 32908.283710938515, 4, 0, 1, 7, 13, 13, 1, 0, 1, 48
7820.0, 5734.85917566494, 5047.342832193466, 4328.609584698312, 24.73491191253959, 32960.91179618402, 4, 0, 1, 7, 13, 13, 1, 0, 1, 48
7830.0, 5743.508688455966, 5053.05260189366, 4334.144820289508, 24.766541830203824, 33013.548608148296, 4, 0, 1, 7, 13, 13, 0, 1, 1, 48
7840.0, 5752.1584829325675, 5058.762371483446, 4339.6800558807045, 24.798171747868057, 33066.194146814516, 4, 0, 1, 7, 13, 13, 0, 1, 1, 48
7850.0, 5760.808558804535, 5064.472141055104, 4345.215291471901, 24.82980166553229, 33118.848412179985, 4, 0, 1, 7, 13, 13, 0, 1, 1, 48
7860.0, 5769.458916071244, 5070.181910651741, 4350.750527063097, 24.861431583196524, 33171.511404244964, 4, 0, 1, 7, 13, 13, 0, 1, 1, 48
7870.0, 5778.109554730044, 5075.891680312204, 4356.285762654294, 24.893061500860757, 33224.18312301165, 4, 0, 1, 7, 13, 13, 0, 1, 1, 48
7880.0, 5786.760474778204, 5081.601450072283, 4361.82099824549, 24.92469141852499, 33276.86356848419, 4, 0, 1, 7, 13, 13, 0, 1, 1, 48
7890.0, 5795.411676215436, 5087.311219963592, 4367.356233836686, 24.956321336189223, 33329.552740668354, 4, 0, 1, 6, 14, 13, 0, 1, 0, 49
7900.0, 5804.063159329326, 5093.020990012894, 4372.891469427883, 24.987951253853456, 33382.250639571415, 4, 0, 1, 6, 14, 13, 0, 0, 1, 49
7910.0, 5812.714923831521, 5098.730760241937, 4378.426705019079, 25.01958117151769, 33434.957265201825, 4, 0, 1, 6, 14, 13, 0, 0, 1, 49
7920.0, 5821.3669697250425, 5104.440530667632, 4383.961940610276, 25.051211089181923, 33487.67261756905, 4, 0, 1, 6, 14, 13, 0, 0, 1, 49
7930.0, 5830.019297010056, 5110.150301302283, 4389.497176201472, 25.082841006846156, 33540.39669668321, 4, 0, 1, 5, 15, 13, 0, 0, 1, 49
7940.0, 5838.671905685233, 5115.860072151756, 4395.032411792668, 25.11447092451039, 33593.129502554984, 4, 0, 1, 5, 15, 13, 0, 0, 1, 49
7950.0, 5847.324795750442, 5121.569843191494, 4400.567647383865, 25.146100842174622, 33645.87103519474, 4, 0, 1, 5, 15, 13, 0, 0, 1, 49
7960.0, 5855.977967494856, 5127.2796141692115, 4406.102882975061, 25.177730759838855, 33698.62129460768, 4, 0, 1, 5, 15, 13, 0, 0, 1, 49
7970.0, 5864.631420626155, 5132.98938338252, 4411.638118566258, 25.20936067750309, 33751.380280759826, 4, 0, 1, 5, 15, 13, 0, 0, 1, 49
7980.0, 5873.2851551364065, 5138.699141960832, 4417.173354157454, 25.24099059516732, 33804.14799339383, 4, 0, 1, 5, 15, 13, 0, 0, 1, 49
7990.0, 5881.939170970987, 5144.408854146079, 4422.70858974865, 25.272620512831555, 33856.92443126061, 4, 0, 1, 5, 15, 13, 0, 0, 1, 49
8000.0, 5890.593467919881, 5150.118409980837, 4428.243825339847, 25.304250430495788, 33909.70958971267, 4, 0, 1, 5, 15, 13, 0, 0, 0, 50
8010.0, 5899.2480453652615, 5155.827558811716, 4433.779060931043, 25.33588034816002, 33962.503455299884, 4, 0, 1, 5, 15, 13, 0, 0, 0, 50
8020.0, 5907.902902179015, 5161.535900866321, 4439.31429652224, 25.367510265824254, 34015.30599801801, 4, 0, 1, 5, 15, 13, 0, 0, 0, 50
8030.0, 5916.558035560963, 5167.243047203551, 4444.849532113436, 25.399140183488488, 34068.11716709595, 4, 0, 1, 5, 15, 13, 0, 0, 0, 50
8040.0, 5925.213442140394, 5172.948884827344, 4450.384767704632, 25.43077010115272, 34120.9368983226, 4, 0, 1, 5, 15, 13, 0, 0, 0, 50
8050.0, 5933.869118454372, 5178.653661399798, 4455.920003295829, 25.462400018816954, 34173.76513127214, 4, 0, 1, 5, 15, 13, 0, 0, 0, 50
8060.0, 5942.5250617529055, 5184.357787545508, 4461.455238887025, 25.494029936481187, 34226.601823157514, 4, 0, 1, 5, 15, 13, 0, 0, 0, 50
8070.0, 5951.181270312573, 5190.061602928936, 4466.990474478222, 25.52565985414542, 34279.44695062074, 4, 0, 1, 5, 15, 13, 0, 0, 0, 50
8080.0, 5959.837743545041, 5195.765299071826, 4472.525710069418, 25.557289771809653, 34332.300503541235, 4, 0, 1, 5, 15, 13, 0, 0, 0, 50
8090.0, 5968.494480797435, 5201.468957625282, 4478.060945660614, 25.588919689473887, 34385.16247834805, 4, 0, 1, 5, 15, 13, 0, 0, 0, 50
8100.0, 5977.151481942454, 5207.172606339008, 4483.596181251811, 25.62054960713812, 34438.03287399712, 4, 0, 1, 5, 15, 13, 0, 0, 0, 50
8110.0, 5985.808746940067, 5212.876252968528, 4489.131416843007, 25.652179524802353, 34490.911690235414, 4, 0, 1, 5, 15, 13, 0, 0, 0, 50
8120.0, 5994.4662757782335, 5218.579899335506, 4494.666652434204, 25.683809442466586, 34543.798927016, 4, 0, 1, 5, 15, 13, 0, 0, 0, 50
8130.0, 6003.12406845475, 5224.283545809079, 4500.2018880254, 25.71543936013082, 34596.6945843375, 4, 0, 1, 5, 15, 13, 0, 0, 0, 50
8140.0, 6011.782125256942, 5229.987192459173, 4505.737123616596, 25.747069277795052, 34649.59866220746, 4, 0, 1, 4, 16, 13, 0, 0, 0, 50
8150.0, 6020.440445896512, 5235.690839302636, 4511.272359207793, 25.778699195459286, 34702.51116063518, 4, 0, 1, 4, 16, 12, 1, 0, 0, 50
8160.0, 6029.099030376536, 5241.394486347483, 4516.807594798989, 25.81032911312352, 34755.432079630584, 4, 0, 1, 4, 16, 12, 1, 0, 0, 50
8170.0, 6037.757878697211, 5247.098133599563, 4522.342830390186, 25.841959030787752, 34808.36141920388, 4, 0, 1, 4, 16, 12, 1, 0, 0, 50
8180.0, 6046.4169908572385, 5252.801781063244, 4527.878065981382, 25.873588948451985, 34861.29917936554, 4, 0, 1, 4, 16, 12, 1, 0, 0, 50
8190.0, 6055.076366856517, 5258.505428740007, 4533.413301572578, 25.90521886611622, 34914.24536012622, 4, 0, 1, 4, 16, 12, 1, 0, 0, 50
8200.0, 6063.736006984474, 5264.209076619186, 4538.948537163775, 25.93684878378045, 34967.199961496386, 4, 0, 1, 4, 16, 12, 1, 0, 0, 50
8210.0, 6072.395910950662, 5269.912724630217, 4544.483772754971, 25.968478701444685, 35020.16298348485, 4, 0, 1, 4, 16, 12, 1, 0, 0, 50
8220.0, 6081.056078758403, 5275.616372441227, 4550.0190083461675, 26.000108619108918, 35073.13442609178, 4, 0, 1, 4, 16, 12, 1, 0, 0, 50
8230.0, 6089.716510406659, 5281.320018766584, 4555.554243937364, 26.03173853677315, 35126.114289281366, 4, 0, 1, 4, 16, 12, 1, 0, 0, 50
8240.0, 6098.3772058868, 5287.023659456223, 4561.08947952856, 26.063368454437384, 35179.10257289301, 4, 0, 1, 4, 16, 12, 1, 0, 0, 50
8250.0, 6107.0381651742255, 5292.727283391127, 4566.624715119757, 26.094998372101617, 35232.09927640526, 4, 0, 1, 4, 16, 12, 1, 0, 0, 50
8260.0, 6115.699388495258, 5298.430866071989, 4572.159950710953, 26.12662828976585, 35285.10439843214, 4, 0, 1, 4, 16, 12, 1, 0, 0, 50
8270.0, 6124.360875410731, 5304.134363800113, 4577.6951863021495, 26.158258207430084, 35338.1179358931, 4, 0, 1, 4, 16, 12, 1, 0, 0, 50
8280.0, 6133.022625645135, 5309.837715239833, 4583.230421893346, 26.189888125094317, 35391.13988304496, 4, 0, 1, 4, 16, 12, 1, 0, 0, 50
8290.0, 6141.684638749495, 5315.540856544121, 4588.765657484542, 26.22151804275855, 35444.17023092231, 4, 0, 1, 4, 16, 12, 1, 0, 0, 50
8300.0, 6150.346914111593, 5321.243746516755, 4594.300893075739, 26.253147960422783, 35497.2089678315, 4, 0, 1, 4, 16, 12, 0, 1, 0, 50
8310.0, 6159.009451030638, 5326.946386026045, 4599.836128666935, 26.284777878087016, 35550.25608103688, 4, 0, 1, 4, 16, 12, 0, 1, 0, 50
8320.0, 6167.672249112167, 5332.648816701259, 4605.3713642581315, 26.31640779575125, 35603.31155892947, 4, 0, 1, 4, 16, 12, 0, 1, 0, 50
8330.0, 6176.33530750884, 5338.351100604425, 4610.906599849328, 26.348037713415483, 35656.37539260281, 4, 0, 1, 4, 16, 12, 0, 1, 0, 50
8340.0, 6184.998625827128, 5344.0532967412055, 4616.441835440524, 26.379667631079716, 35709.44757625883, 4, 0, 1, 4, 16, 12, 0, 1, 0, 50
8350.0, 6193.6622038253645, 5349.755447801664, 4621.977071031721, 26.41129754874395, 35762.52810666533, 4, 0, 1, 4, 16, 12, 0, 1, 0, 50
8360.0, 6202.326041374221, 5355.457578830359, 4627.512306622917, 26.442927466408182, 35815.61698226631, 4, 0, 1, 4, 16, 12, 0, 1, 0, 50
8370.0, 6210.990138414624, 5361.159702144254, 4633.0475422141135, 26.474557384072416, 35868.714202411655, 4, 0, 1, 4, 16, 12, 0, 1, 0, 50
8380.0, 6219.654496057073, 5366.861822927895, 4638.58277780531, 26.50618730173665, 35921.81976686663, 4, 0, 1, 4, 16, 12, 0, 1, 0, 50
8390.0, 6228.319235655509, 5372.563943076162, 4644.118013396506, 26.537817219400882, 35974.93367556094, 4, 0, 1, 4, 16, 12, 0, 1, 0, 50
8400.0, 6236.984594302628, 5378.266063197145, 4649.653248987703, 26.569447137065115, 36028.05592848116, 4, 0, 1, 4, 16, 12, 0, 1, 0, 50
8410.0, 6245.650521851585, 5383.9681834640505, 4655.188484578899, 26.60107705472935, 36081.18652563122, 4, 0, 1, 4, 16, 12, 0, 1, 0, 50
8420.0, 6254.316894157904, 5389.670303921402, 4660.7237201700955, 26.63270697239358, 36134.32546701978, 4, 0, 1, 4, 16, 12, 0, 0, 1, 50
8430.0, 6262.983710075906, 5395.37242457985, 4666.258955761292, 26.664336890057815, 36187.47275265671, 4, 0, 1, 4, 16, 12, 0, 0, 1, 50
8440.0, 6271.650970232509, 5401.0745454413955, 4671.794191352488, 26.695966807722048, 36240.62838255214, 4, 0, 1, 4, 16, 12, 0, 0, 1, 50
8450.0, 6280.318674561837, 5406.776666503226, 4677.329426943685, 26.72759672538628, 36293.79235671616, 4, 0, 1, 4, 16, 12, 0, 0, 1, 50
8460.0, 6288.986823199117, 5412.4787877499175, 4682.864662534881, 26.759226643050514, 36346.96467515851, 4, 0, 1, 4, 16, 12, 0, 0, 1, 50
8470.0, 6297.655416214845, 5418.180909122755, 4688.3998981260775, 26.790856560714747, 36400.145337887225, 4, 0, 1, 4, 16, 11, 1, 0, 1, 50
8480.0, 6306.3244536417815, 5423.883030430093, 4693.935133717274, 26.82248647837898, 36453.33434490466, 4, 0, 1, 4, 16, 11, 1, 0, 1, 50
8490.0, 6314.993935493146, 5429.585151127578, 4699.47036930847, 26.854116396043214, 36506.53169619599, 4, 0, 1, 4, 16, 11, 1, 0, 1, 50
8500.0, 6323.6638620607, 5435.2872698709525, 4705.005604899667, 26.885746313707447, 36559.73739170141, 4, 0, 1, 4, 16, 11, 1, 0, 1, 50
8510.0, 6332.334233042256, 5440.98938378548, 4710.540840490863, 26.91737623137168, 36612.951431258865, 4, 0, 0, 5, 16, 11, 1, 0, 1, 50
8520.0, 6341.005048422042, 5446.69148758108, 4716.076076082059, 26.949006149035913, 36666.17381450509, 4, 0, 0, 5, 16, 11, 1, 0, 1, 50
8530.0, 6349.676308166949, 5452.393572965011, 4721.611311673256, 26.980636066700146, 36719.404540737436, 4, 0, 0, 5, 16, 11, 1, 0, 1, 50
8540.0, 6358.348012218818, 5458.09562905235, 4727.146547264452, 27.01226598436438, 36772.6436087685, 4, 0, 0, 5, 16, 11, 1, 0, 1, 50
8550.0, 6367.020160488626, 5463.797644274771, 4732.681782855649, 27.043895902028613, 36825.8910168383, 4, 0, 0, 5, 16, 11, 0, 1, 1, 50
8560.0, 6375.692753139307, 5469.499609470601, 4738.217018446845, 27.075525819692846, 36879.146762655284, 4, 0, 0, 5, 16, 11, 0, 1, 1, 50
8570.0, 6384.365789738343, 5475.201520850581, 4743.752254038041, 27.10715573735708, 36932.41084359568, 4, 0, 0, 5, 16, 11, 0, 1, 1, 50
8580.0, 6393.039270136974, 5480.903381262407, 4749.287489629238, 27.138785655021312, 36985.68325701349, 4, 0, 0, 5, 16, 11, 0, 1, 1, 50
8590.0, 6401.713194197153, 5486.6051990623955, 4754.822725220434, 27.170415572685545, 37038.96400055348, 4, 0, 0, 5, 16, 11, 0, 1, 0, 51
8600.0, 6410.387561806028, 5492.306985310044, 4760.357960811631, 27.20204549034978, 37092.2530723597, 4, 0, 0, 5, 16, 11, 0, 1, 0, 51
8610.0, 6419.062372883728, 5498.008750794994, 4765.893196402827, 27.23367540801401, 37145.5504711332, 4, 0, 0, 5, 16, 11, 0, 0, 1, 51
8620.0, 6427.737627669804, 5503.710504105927, 4771.428431994023, 27.265305325678245, 37198.85619606401, 4, 0, 0, 5, 16, 11, 0, 0, 1, 51
8630.0, 6436.413325859643, 5509.412251056459, 4776.96366758522, 27.296935243342478, 37252.17024670146, 4, 0, 0, 5, 16, 11, 0, 0, 1, 51
8640.0, 6445.089467472522, 5515.113995068563, 4782.498903176416, 27.32856516100671, 37305.492622822465, 4, 0, 0, 5, 16, 11, 0, 0, 1, 51
8650.0, 6453.766052556846, 5520.815737918807, 4788.034138767613, 27.360195078670944, 37358.82332433023, 4, 0, 0, 5, 16, 11, 0, 0, 1, 51
8660.0, 6462.443081187327, 5526.517480428847, 4793.569374358809, 27.391824996335178, 37412.16235119016, 4, 0, 0, 4, 17, 11, 0, 0, 1, 51
8670.0, 6471.120553458952, 5532.219222939708, 4799.104609950005, 27.42345491399941, 37465.50970339525, 4, 0, 0, 4, 17, 11, 0, 0, 1, 51
8680.0, 6479.798469763993, 5537.920965579071, 4804.639845541202, 27.455084831663644, 37518.86538094927, 4, 0, 0, 4, 17, 11, 0, 0, 1, 51
8690.0, 6488.4768299118505, 5543.622708390027, 4810.175081132398, 27.486714749327877, 37572.229383859936, 4, 0, 0, 4, 17, 11, 0, 0, 1, 51
8700.0, 6497.068843268908, 5549.267433954132, 4815.654964367683, 27.518028367815468, 37625.06794764286, 4, 0, 0, 4, 17, 11, 0, 0, 1, 51
