time_seconds, weighted_integrated_cars, cars_entered, cars_exited, time_int_cars_exits, time_int_cars_main, LOSA_count, LOSB_count, LOSC_count, LOSD_count, LOSE_count, segment_LOSA_count, segment_LOSB_count, segment_LOSC_count, segment_LOSD_count, segment_LOSE_count
0.0, 0.07942166692389675, 0.06537014214461732, 0.05972222222222222, 0.0002597222222222222, 0.6724501710322638, 2, 0, 0, 0, 28, 3, 0, 0, 0, 75
100.0, 79.28844352562948, 63.35102988223335, 64.38524696106222, 0.3017475837641319, 672.7873711416613, 2, 0, 0, 0, 28, 3, 0, 0, 0, 75
200.0, 158.03767123522908, 125.79172602684787, 128.25458856762543, 0.5987938804454213, 1344.327451026558, 2, 0, 0, 0, 28, 3, 0, 0, 0, 75
300.0, 236.52826962791977, 188.00366386619328, 192.12393017418037, 0.8958401771267106, 2015.1163047421805, 2, 0, 0, 0, 28, 3, 0, 0, 0, 75
400.0, 314.829080302901, 249.68085893500987, 255.99327178073062, 1.1928864738079998, 2684.9271989860267, 2, 0, 0, 0, 28, 3, 0, 0, 0, 75
420.0, 330.3982668081104, 261.91381710137426, 268.7032707604335, 1.2519986868475765, 2818.085115389402, 2, 0, 0, 0, 28, 3, 0, 0, 0, 75
