time_seconds, weighted_integrated_cars, cars_entered, cars_exited, time_int_cars_exits, time_int_cars_main, LOSA_count, LOSB_count, LOSC_count, LOSD_count, LOSE_count, segment_LOSA_count, segment_LOSB_count, segment_LOSC_count, segment_LOSD_count, segment_LOSE_count
0.0, 0.07870497005431559, 0.05981845896946092, 0.05868568924558492, 0.0003462991766414373, 0.6180739507377712, 2, 0, 1, 2, 25, 7, 0, 0, 0, 71
100.0, 78.61835310357084, 59.878276114889545, 62.42764809871179, 0.38006371368606623, 617.9463271985455, 2, 0, 1, 2, 25, 7, 0, 0, 0, 71
200.0, 156.8011575843529, 119.69674356131694, 124.43160145589889, 0.7562272673319623, 1234.1682406902767, 2, 0, 1, 2, 25, 7, 0, 0, 0, 71
300.0, 234.78751232420962, 179.5442152827595, 186.4355548130858, 1.132390820977871, 1849.3017520419955, 2, 0, 1, 2, 25, 7, 0, 0, 0, 71
400.0, 312.6307822226153, 239.47693048406597, 248.43950817027266, 1.508554374623781, 2463.3780247403274, 2, 0, 1, 2, 25, 7, 0, 0, 0, 71
420.0, 328.11258579133033, 251.4089343687344, 260.7782948883529, 1.5834109217993169, 2585.4565635314125, 2, 0, 1, 2, 25, 7, 0, 0, 0, 71
