time_seconds, weighted_integrated_cars, cars_entered, cars_exited, time_int_cars_exits, time_int_cars_main, LOSA_count, LOSB_count, LOSC_count, LOSD_count, LOSE_count, segment_LOSA_count, segment_LOSB_count, segment_LOSC_count, segment_LOSD_count, segment_LOSE_count
0.0, 0.07770879432296837, 0.059961707089482404, 0.06200395335719081, 0.00037616355364589036, 0.5984021399135151, 2, 0, 2, 1, 25, 7, 0, 0, 0, 69
100.0, 77.76167545045425, 57.82158974295848, 62.07863184828977, 0.37665471293793085, 597.9445960363472, 2, 0, 2, 1, 25, 7, 0, 0, 0, 69
200.0, 155.39635344934106, 115.3182325680803, 124.09400370794839, 0.7529210331060716, 1193.0846974305496, 2, 0, 2, 1, 25, 7, 0, 0, 0, 69
300.0, 232.97441499047946, 173.04108398172733, 186.10937556760808, 1.1291873532742127, 1786.0221720806169, 2, 0, 2, 1, 25, 7, 0, 0, 0, 69
400.0, 310.49647502615517, 230.9034399274936, 248.1247474272685, 1.5054536734423534, 2376.843057566789, 2, 0, 3, 0, 25, 7, 0, 0, 1, 68
500.0, 387.96367971433597, 288.89510133631944, 310.1401192869282, 1.8817199936104714, 2965.626489607404, 2, 0, 3, 0, 25, 7, 0, 0, 1, 68
600.0, 465.37639306963365, 346.93658396285156, 372.15549114658506, 2.2579863137785843, 3552.4090391582554, 2, 0, 3, 0, 25, 7, 0, 1, 0, 68
660.0, 511.72051973021087, 381.7571232763147, 409.30269889051954, 2.483369839559284, 3902.94949737201, 2, 0, 3, 0, 25, 7, 1, 0, 0, 68
