time_seconds, weighted_integrated_cars, cars_entered, cars_exited, time_int_cars_exits, time_int_cars_main, LOSA_count, LOSB_count, LOSC_count, LOSD_count, LOSE_count, segment_LOSA_count, segment_LOSB_count, segment_LOSC_count, segment_LOSD_count, segment_LOSE_count
0.0, 0.07943290846055784, 0.06183579104869114, 0.05972222222222222, 0.0002597222222222222, 0.6750612169494892, 2, 0, 0, 0, 28, 3, 0, 0, 0, 75
100.0, 79.29624885513165, 61.89466372049003, 64.3985108437722, 0.3018679266134745, 674.9747343236596, 2, 0, 0, 0, 28, 3, 0, 0, 0, 75
200.0, 158.05242082432, 123.61779220939887, 128.27980189421746, 0.5990217682897125, 1348.2225209712897, 2, 0, 0, 0, 28, 3, 0, 0, 0, 75
300.0, 236.54904495166375, 184.89854666220873, 192.16109294465448, 0.8961756099659599, 2020.271866236637, 2, 0, 0, 0, 28, 3, 0, 0, 0, 75
400.0, 314.8535110647814, 245.82356305978055, 256.04238399508716, 1.1933294516421893, 2690.9576002669437, 2, 0, 0, 0, 28, 3, 0, 0, 0, 75
420.0, 330.42282435233034, 257.8753184652082, 268.7547609141233, 1.252463066135757, 2824.2373811740235, 2, 0, 0, 0, 28, 3, 0, 0, 0, 75
