time_seconds, weighted_integrated_cars, cars_entered, cars_exited, time_int_cars_exits, time_int_cars_main, LOSA_count, LOSB_count, LOSC_count, LOSD_count, LOSE_count, segment_LOSA_count, segment_LOSB_count, segment_LOSC_count, segment_LOSD_count, segment_LOSE_count
0.0, 0.07813763532398914, 0.06054481684111751, 0.06388129105044446, 0.0002971538416762224, 0.6535150190232427, 2, 0, 0, 0, 28, 3, 0, 0, 0, 73
100.0, 78.18084568730315, 59.10054973720795, 63.94594886157621, 0.2974580408636046, 652.9692001562273, 2, 0, 0, 0, 28, 3, 0, 0, 0, 73
200.0, 156.22986284622837, 118.09192758100377, 127.82793947966209, 0.594618178648594, 1302.8168234856814, 2, 0, 0, 0, 28, 3, 0, 0, 0, 73
300.0, 234.24065736700823, 178.41588513620488, 191.7099300977381, 0.891778316433574, 1950.483816078712, 2, 0, 0, 0, 28, 3, 0, 0, 0, 73
400.0, 312.2308173834082, 240.3457057421449, 255.59192071580978, 1.1889384542185724, 2596.844435421551, 2, 0, 0, 0, 28, 3, 0, 0, 0, 73
500.0, 390.2084339464709, 302.7283986841176, 319.4739113338815, 1.4860985920035246, 3242.3425484695454, 2, 0, 0, 0, 28, 3, 0, 0, 0, 73
600.0, 468.1779355136969, 365.66293081465597, 383.3559019519532, 1.7832587297884213, 3887.2258039430917, 2, 0, 0, 0, 28, 3, 0, 0, 0, 73
660.0, 514.8795915037397, 403.54587309334784, 421.62121433217806, 1.9612576523215748, 4273.323955194721, 2, 0, 0, 0, 28, 3, 0, 0, 0, 73
