time_seconds, weighted_integrated_cars, cars_entered, cars_exited, time_int_cars_exits, time_int_cars_main, LOSA_count, LOSB_count, LOSC_count, LOSD_count, LOSE_count, segment_LOSA_count, segment_LOSB_count, segment_LOSC_count, segment_LOSD_count, segment_LOSE_count
0.0, 0.07991121802803497, 0.05951902679698653, 0.05951902257891825, 0.0003537991766414373, 0.6804390897784153, 2, 0, 0, 0, 28, 3, 0, 0, 0, 75
100.0, 79.77278129776218, 59.57854516056775, 64.19579789469978, 0.39604521737561155, 679.8293852091415, 2, 0, 0, 0, 28, 3, 0, 0, 0, 75
200.0, 158.99907578038022, 119.09759629201123, 127.87451082785164, 0.7872816072051954, 1356.8814501012512, 2, 0, 0, 0, 28, 3, 0, 0, 0, 75
300.0, 237.95864844304035, 178.65481369888917, 191.5532237610035, 1.17851799703477, 2031.859550138232, 2, 0, 0, 0, 28, 3, 0, 0, 0, 75
400.0, 316.72049467564705, 238.31911463862352, 255.23193669415585, 1.5697543868643444, 2704.803525436926, 2, 0, 0, 0, 28, 3, 0, 0, 0, 75
420.0, 332.380588889543, 250.198770100732, 267.90400056785376, 1.6476104284404296, 2838.481000309563, 2, 0, 0, 0, 28, 3, 0, 0, 0, 75
