time_seconds, weighted_integrated_cars, cars_entered, cars_exited, time_int_cars_exits, time_int_cars_main, LOSA_count, LOSB_count, LOSC_count, LOSD_count, LOSE_count, segment_LOSA_count, segment_LOSB_count, segment_LOSC_count, segment_LOSD_count, segment_LOSE_count
0.0, 0.07943286720558164, 0.061835797331178215, 0.05972222222222222, 0.0002597222222222222, 0.6750506771161018, 2, 0, 0, 0, 28, 3, 0, 0, 0, 75
100.0, 79.29653656430324, 61.89466880992236, 64.39135488169632, 0.30180300076296496, 674.9661848032613, 2, 0, 0, 0, 28, 3, 0, 0, 0, 75
200.0, 158.05371287266053, 123.62141613305818, 128.2661991194621, 0.5988988211250748, 1348.2092044712817, 2, 0, 0, 0, 28, 3, 0, 0, 0, 75
300.0, 236.551776559976, 184.90528165642996, 192.14104335721635, 0.8959946414871938, 2020.25939770508, 2, 0, 0, 0, 28, 3, 0, 0, 0, 75
400.0, 314.85804460484286, 245.83752843292964, 256.0158875949667, 1.193090461849313, 2690.9514473698227, 2, 0, 0, 0, 28, 3, 0, 0, 0, 75
420.0, 330.42774743705843, 257.88965819050435, 268.7269815982797, 1.2522125301013747, 2824.233253259024, 2, 0, 0, 0, 28, 3, 0, 0, 0, 75
