time_seconds, weighted_integrated_cars, cars_entered, cars_exited, time_int_cars_exits, time_int_cars_main, LOSA_count, LOSB_count, LOSC_count, LOSD_count, LOSE_count, segment_LOSA_count, segment_LOSB_count, segment_LOSC_count, segment_LOSD_count, segment_LOSE_count
0.0, 0.07813961050652345, 0.0605461229400349, 0.06387484423776352, 0.0002970958203620939, 0.6535258849974728, 2, 0, 0, 0, 28, 3, 0, 0, 0, 73
100.0, 78.18277049080845, 59.10211120018342, 63.941865899219515, 0.2974214671700227, 652.9813082359616, 2, 0, 0, 0, 28, 3, 0, 0, 0, 73
200.0, 156.23355335152152, 118.0946564743406, 127.81954510745058, 0.5945428022663234, 1302.843967492446, 2, 0, 0, 0, 28, 3, 0, 0, 0, 73
300.0, 234.24602749806934, 178.41754776642338, 191.69722431567175, 0.8916641373626241, 1950.5283062739104, 2, 0, 0, 0, 28, 3, 0, 0, 0, 73
400.0, 312.2377872853685, 240.34400325007354, 255.57490352388808, 1.1887854724589246, 2596.9072376384506, 2, 0, 0, 0, 28, 3, 0, 0, 0, 73
500.0, 390.2169648799947, 302.722672480424, 319.4525827321014, 1.4859068075551698, 3242.4239408820517, 2, 0, 0, 0, 28, 3, 0, 0, 0, 73
600.0, 468.1880115103246, 365.6525565761707, 383.33026194031476, 1.7830281426513594, 3887.3257831312944, 2, 0, 0, 0, 28, 3, 0, 0, 0, 73
660.0, 514.8905877735215, 403.5324452455806, 421.59299178603453, 1.961003822373977, 4273.4349333932305, 2, 0, 0, 0, 28, 3, 0, 0, 0, 73
