time_seconds, weighted_integrated_cars, cars_entered, cars_exited, time_int_cars_exits, time_int_cars_main, LOSA_count, LOSB_count, LOSC_count, LOSD_count, LOSE_count, segment_LOSA_count, segment_LOSB_count, segment_LOSC_count, segment_LOSD_count, segment_LOSE_count
0.0, 0.07943266070515873, 0.06184276162253545, 0.05972222222222222, 0.0002597222222222222, 0.6749989645056155, 2, 0, 0, 0, 28, 3, 0, 0, 0, 75
100.0, 79.29617112597383, 61.900181925205665, 64.39411310335277, 0.3018280260335099, 674.9151346212162, 2, 0, 0, 0, 28, 3, 0, 0, 0, 75
200.0, 158.0525770513717, 123.64500780254716, 128.27144222549293, 0.5989462103549913, 1348.1100750642001, 2, 0, 0, 0, 28, 3, 0, 0, 0, 75
300.0, 236.549710540139, 184.94462723586304, 192.14877134762486, 0.8960643946764633, 2020.1223811938462, 2, 0, 0, 0, 28, 3, 0, 0, 0, 75
400.0, 314.8550426363941, 245.90949814089709, 256.026100469752, 1.1931825789979533, 2690.785675597924, 2, 0, 0, 0, 28, 3, 0, 0, 0, 75
420.0, 330.4245729949976, 257.96379844293074, 268.7376889650547, 1.2523090976779316, 2824.063423425491, 2, 0, 0, 0, 28, 3, 0, 0, 0, 75
