time_seconds, weighted_integrated_cars, cars_entered, cars_exited, time_int_cars_exits, time_int_cars_main, LOSA_count, LOSB_count, LOSC_count, LOSD_count, LOSE_count, segment_LOSA_count, segment_LOSB_count, segment_LOSC_count, segment_LOSD_count, segment_LOSE_count
0.0, 0.07813874887529396, 0.06055440875275438, 0.06387732912213875, 0.000297118184321471, 0.6535071292967911, 2, 0, 0, 0, 28, 3, 0, 0, 0, 73
100.0, 78.18202018242171, 59.11076061379748, 63.94166319892639, 0.2974194465650108, 652.9643554306697, 2, 0, 0, 0, 28, 3, 0, 0, 0, 73
200.0, 156.2323416028778, 118.1113633367985, 127.81940380544911, 0.5945413342459377, 1302.8146233236005, 2, 0, 0, 0, 28, 3, 0, 0, 0, 73
300.0, 234.24452273650866, 178.43893417586798, 191.69714441196027, 0.891663221926874, 1950.4899739436805, 2, 0, 0, 0, 28, 3, 0, 0, 0, 73
400.0, 312.2361130630422, 240.36919200219822, 255.57488501846717, 1.188785109607792, 2596.861856698075, 2, 0, 0, 0, 28, 3, 0, 0, 0, 73
500.0, 390.21518570119423, 302.7510828585821, 319.4526256249741, 1.485906997288645, 3242.3732250080684, 2, 0, 0, 0, 28, 3, 0, 0, 0, 73
600.0, 468.18615953484476, 365.6837082034804, 383.3303662314809, 1.7830288849694425, 3887.2711863688564, 2, 0, 0, 0, 28, 3, 0, 0, 0, 73
660.0, 514.8887021854014, 403.5651130431631, 421.59313285477856, 1.9610048956902402, 4273.378641552767, 2, 0, 0, 0, 28, 3, 0, 0, 0, 73
