time_seconds, weighted_integrated_cars, cars_entered, cars_exited, time_int_cars_exits, time_int_cars_main, LOSA_count, LOSB_count, LOSC_count, LOSD_count, LOSE_count, segment_LOSA_count, segment_LOSB_count, segment_LOSC_count, segment_LOSD_count, segment_LOSE_count
0.0, 0.07991121805658374, 0.05951902155772634, 0.05951902257891825, 0.0003537991766414373, 0.6804390956834584, 2, 0, 0, 0, 28, 3, 0, 0, 0, 75
100.0, 79.77294017119797, 59.57854079218216, 64.19243880101328, 0.39601474040938067, 679.8303285489108, 2, 0, 0, 0, 28, 3, 0, 0, 0, 75
200.0, 158.99974279026725, 119.09758913261165, 127.86812552363675, 0.7872238943442142, 1356.8848605034455, 2, 0, 0, 0, 28, 3, 0, 0, 0, 75
300.0, 237.96002665319887, 178.6547828908896, 191.54381224626022, 1.178433048279048, 2031.8669365700832, 2, 0, 0, 0, 28, 3, 0, 0, 0, 75
400.0, 316.72273948004056, 238.31898621337413, 255.21949896888415, 1.5696422022138634, 2704.816371580691, 2, 0, 0, 0, 28, 3, 0, 0, 0, 75
420.0, 332.3830180106808, 250.19861621895728, 267.89096062668693, 1.6474928238468898, 2838.495106667969, 2, 0, 0, 0, 28, 3, 0, 0, 0, 75
