time_seconds, weighted_integrated_cars, cars_entered, cars_exited, time_int_cars_exits, time_int_cars_main, LOSA_count, LOSB_count, LOSC_count, LOSD_count, LOSE_count, segment_LOSA_count, segment_LOSB_count, segment_LOSC_count, segment_LOSD_count, segment_LOSE_count
0.0, 0.07859438009217898, 0.05969907244321835, 0.06367568672262758, 0.00039120915393482127, 0.655448422738738, 2, 0, 0, 0, 28, 3, 0, 0, 0, 73
100.0, 78.63746161731846, 58.35658646974482, 63.73789020617909, 0.3915870058291911, 654.7623069992463, 2, 0, 0, 0, 28, 3, 0, 0, 0, 73
200.0, 157.1418509280829, 116.83033407194281, 127.41225061964198, 0.7827842229815611, 1306.188938801359, 2, 0, 0, 0, 28, 3, 0, 0, 0, 73
300.0, 235.60782049200125, 176.81511042221567, 191.08661103310325, 1.173981440133922, 1955.330820799899, 2, 0, 0, 0, 28, 3, 0, 0, 0, 73
400.0, 314.05318439408984, 238.43394849237148, 254.7609714465645, 1.5651786572862827, 2603.109219454165, 2, 0, 0, 0, 28, 3, 0, 0, 0, 73
500.0, 392.4859460868748, 300.5493198035861, 318.4353318600257, 1.9563758744386435, 3249.983881249956, 2, 0, 0, 0, 28, 3, 0, 0, 0, 73
600.0, 470.91063648712486, 363.2477677110646, 382.109692273487, 2.3475730915910042, 3896.2230706428945, 2, 0, 0, 0, 28, 3, 0, 0, 0, 73
660.0, 517.8849629553652, 400.99347510433097, 420.25063416115034, 2.5819002246652683, 4283.127418956954, 2, 0, 0, 0, 28, 3, 0, 0, 0, 73
