time_seconds, weighted_integrated_cars, cars_entered, cars_exited, time_int_cars_exits, time_int_cars_main, LOSA_count, LOSB_count, LOSC_count, LOSD_count, LOSE_count, segment_LOSA_count, segment_LOSB_count, segment_LOSC_count, segment_LOSD_count, segment_LOSE_count
0.0, 0.07859444823799944, 0.05969906302972246, 0.06367546574750131, 0.0003912071651586849, 0.6554488956739889, 2, 0, 0, 0, 28, 3, 0, 0, 0, 73
100.0, 78.6372228803937, 58.356575747418155, 63.744201387455874, 0.3916442831476832, 654.7610079066803, 2, 0, 0, 0, 28, 3, 0, 0, 0, 73
200.0, 157.14069370842807, 116.83030324093674, 127.42422585045736, 0.7828924767459067, 1306.1834770271353, 2, 0, 0, 0, 28, 3, 0, 0, 0, 73
300.0, 235.60535445519963, 176.81505239082009, 191.10425031345721, 1.17414067034413, 1955.3183497807481, 2, 0, 0, 0, 28, 3, 0, 0, 0, 73
400.0, 314.04910341639925, 238.4339422280335, 254.78427477645707, 1.565388863942335, 2603.086909481446, 2, 0, 0, 0, 28, 3, 0, 0, 0, 73
500.0, 392.4800916947435, 300.54942597401583, 318.4642992394569, 1.9566370575405307, 3249.9489453157653, 2, 0, 0, 0, 28, 3, 0, 0, 0, 73
600.0, 470.90292711520493, 363.2480992748331, 382.14432370245675, 2.3478852511387265, 3896.1727519712067, 2, 0, 0, 0, 28, 3, 0, 0, 0, 73
660.0, 517.8761172634528, 400.9941512941483, 420.2886583557937, 2.5822429191040457, 4283.066614189972, 2, 0, 0, 0, 28, 3, 0, 0, 0, 73
