time_seconds, weighted_integrated_cars, cars_entered, cars_exited, time_int_cars_exits, time_int_cars_main, LOSA_count, LOSB_count, LOSC_count, LOSD_count, LOSE_count, segment_LOSA_count, segment_LOSB_count, segment_LOSC_count, segment_LOSD_count, segment_LOSE_count
0.0, 0.07991121805658374, 0.05951902155772635, 0.05951902257891825, 0.0003537991766414373, 0.6804390956834584, 2, 0, 0, 0, 28, 3, 0, 0, 0, 75
100.0, 79.77295177049466, 59.57854079218217, 64.19219351862309, 0.3960125149688838, 679.8303970852301, 2, 0, 0, 0, 28, 3, 0, 0, 0, 75
200.0, 158.9997914922177, 119.09758913163817, 127.86765926612036, 0.7872196801275761, 1356.8851089687394, 2, 0, 0, 0, 28, 3, 0, 0, 0, 75
300.0, 237.96012728532742, 178.6547812888277, 191.5431250136176, 1.178426845286259, 2031.867475230122, 2, 0, 0, 0, 28, 3, 0, 0, 0, 75
400.0, 316.7229033889192, 238.31897756014416, 255.2185907611149, 1.5696340104449598, 2704.817308824286, 2, 0, 0, 0, 28, 3, 0, 0, 0, 75
420.0, 332.3831953778684, 250.19860571852595, 267.89000844486685, 1.6474842363115432, 2838.496135919777, 2, 0, 0, 0, 28, 3, 0, 0, 0, 75
