time_seconds, weighted_integrated_cars, cars_entered, cars_exited, time_int_cars_exits, time_int_cars_main, LOSA_count, LOSB_count, LOSC_count, LOSD_count, LOSE_count, segment_LOSA_count, segment_LOSB_count, segment_LOSC_count, segment_LOSD_count, segment_LOSE_count
0.0, 0.02284324215356676, 0.0604733342062, 0.05623324685722362, 0.00023604410324350235, 0.3807229617356039, 5, 0, 2, 4, 19, 23, 0, 0, 0, 55
100.0, 22.693072444303404, 60.53371483861673, 58.47043155681953, 0.2574486473528793, 381.4878331587106, 5, 0, 1, 5, 19, 23, 0, 0, 0, 55
200.0, 45.10735061508741, 121.01841320606356, 114.39613112438256, 0.5033339508705722, 764.3238010188585, 5, 0, 1, 5, 19, 22, 1, 0, 0, 55
300.0, 67.57720688491175, 181.55155667516118, 170.04641504908494, 0.7481297475042442, 1149.5709650216806, 4, 1, 1, 5, 19, 22, 0, 1, 0, 55
400.0, 90.11832789874954, 242.07488743149977, 226.0337634271698, 0.9942766534533742, 1537.174852875601, 4, 0, 2, 5, 19, 21, 0, 1, 0, 56
420.0, 94.60728555067718, 254.11693021262184, 237.17927367627223, 1.0432750544842984, 1614.5771946622708, 4, 0, 2, 5, 19, 21, 0, 1, 0, 56
