time_seconds, weighted_integrated_cars, cars_entered, cars_exited, time_int_cars_exits, time_int_cars_main, LOSA_count, LOSB_count, LOSC_count, LOSD_count, LOSE_count, segment_LOSA_count, segment_LOSB_count, segment_LOSC_count, segment_LOSD_count, segment_LOSE_count
0.0, 0.022482824054436367, 0.0605125779371505, 0.05600758935243887, 0.00024622312140127386, 0.37522663110704974, 4, 0, 4, 3, 19, 21, 0, 1, 0, 54
100.0, 22.500529444421293, 57.77331564358719, 56.05543873913588, 0.24639015459688962, 376.0454005165186, 4, 0, 4, 3, 19, 21, 0, 0, 1, 54
200.0, 44.85776188087609, 114.88436016185298, 111.63476949448673, 0.49084287927248466, 752.4699315656122, 4, 0, 4, 3, 19, 21, 0, 0, 0, 55
300.0, 67.1860588877583, 172.3805140533436, 166.64096971157858, 0.7330186919756633, 1129.9227645960382, 4, 0, 4, 3, 19, 21, 0, 0, 0, 55
400.0, 89.53380366632246, 230.24494092458775, 221.6351754437, 0.9751468025605168, 1508.7293766321218, 4, 0, 4, 3, 19, 21, 0, 0, 1, 54
500.0, 111.9030672986297, 288.1982013264115, 276.629175463763, 1.217274108679635, 1889.004491385667, 4, 0, 4, 3, 19, 21, 0, 1, 0, 54
600.0, 134.2938892486254, 346.2019746068281, 331.6231728303677, 1.4594014043129993, 2270.7681347498346, 4, 0, 4, 3, 19, 21, 0, 1, 0, 54
660.0, 147.715778260093, 380.9718062644977, 364.56457729502387, 1.604435654567445, 2500.1702766409944, 4, 0, 4, 3, 19, 20, 0, 2, 0, 54
