time_seconds, weighted_integrated_cars, cars_entered, cars_exited, time_int_cars_exits, time_int_cars_main, LOSA_count, LOSB_count, LOSC_count, LOSD_count, LOSE_count, segment_LOSA_count, segment_LOSB_count, segment_LOSC_count, segment_LOSD_count, segment_LOSE_count
0.0, 0.0786193023754173, 0.05969917849791559, 0.06367823668644472, 0.00039123210360917553, 0.6554429682360358, 2, 0, 0, 0, 28, 3, 0, 0, 0, 73
100.0, 78.66190203446676, 58.35670812124614, 63.74431050716558, 0.3916450707820013, 654.7551568898102, 2, 0, 0, 0, 28, 3, 0, 0, 0, 73
200.0, 157.18968712260298, 116.8306863998793, 127.42470537742285, 0.7828965980455221, 1306.1716923072079, 2, 0, 0, 0, 28, 3, 0, 0, 0, 73
300.0, 235.67824318750436, 176.81627271636296, 191.10510024768013, 1.1741481253090431, 1955.3006917039447, 2, 0, 0, 0, 28, 3, 0, 0, 0, 73
400.0, 314.1454671086791, 238.43679470287157, 254.7854951179374, 1.565399652572564, 2603.0638334839505, 2, 0, 0, 0, 28, 3, 0, 0, 0, 73
500.0, 392.59947737560145, 300.55409690212304, 318.4658899881947, 1.9566511798360848, 3249.9211371491783, 2, 0, 0, 0, 28, 3, 0, 0, 0, 73
600.0, 471.0448740961469, 363.2547694604082, 382.14628485845196, 2.347902707099606, 3896.140978983987, 2, 0, 0, 0, 28, 3, 0, 0, 0, 73
660.0, 518.0313616647809, 401.0020591403325, 420.2908413857361, 2.5822623719304545, 4283.0328687393585, 2, 0, 0, 0, 28, 3, 0, 0, 0, 73
