time_seconds, weighted_integrated_cars, cars_entered, cars_exited, time_int_cars_exits, time_int_cars_main, LOSA_count, LOSB_count, LOSC_count, LOSD_count, LOSE_count, segment_LOSA_count, segment_LOSB_count, segment_LOSC_count, segment_LOSD_count, segment_LOSE_count
0.0, 0.079939779540791, 0.05951900558662347, 0.05951902257891825, 0.0003537991766414373, 0.6804391140094043, 2, 0, 0, 0, 28, 3, 0, 0, 0, 75
100.0, 79.80102520177178, 59.578527882588, 64.19526926085015, 0.39604042109498244, 679.8295525481103, 2, 0, 0, 0, 28, 3, 0, 0, 0, 75
200.0, 159.05487349730916, 119.09756791266942, 127.87350594729219, 0.7872725247041636, 1356.8820178408223, 2, 0, 0, 0, 28, 3, 0, 0, 0, 75
300.0, 238.0413509658284, 178.65477475917132, 191.55174263373252, 1.1785046283133545, 2031.860751450897, 2, 0, 0, 0, 28, 3, 0, 0, 0, 75
400.0, 316.82947844345085, 238.31905593614238, 255.22997932017336, 1.569736731922527, 2704.805591050674, 2, 0, 0, 0, 28, 3, 0, 0, 0, 75
420.0, 332.49472989905064, 250.1987067226246, 267.9019484207757, 1.6475919205407503, 2838.483265023465, 2, 0, 0, 0, 28, 3, 0, 0, 0, 75
