time_seconds, weighted_integrated_cars, cars_entered, cars_exited, time_int_cars_exits, time_int_cars_main, LOSA_count, LOSB_count, LOSC_count, LOSD_count, LOSE_count, segment_LOSA_count, segment_LOSB_count, segment_LOSC_count, segment_LOSD_count, segment_LOSE_count
0.0, 0.0785624192028669, 0.060768154486569775, 0.06312060260944605, 0.0003862133969161874, 0.6537034054604758, 2, 0, 0, 1, 27, 3, 1, 0, 0, 72
100.0, 78.60903910498213, 58.96103502135868, 63.185550087905334, 0.3866161855083306, 653.3217196467336, 2, 0, 0, 0, 28, 3, 0, 1, 0, 72
200.0, 157.09020210131672, 117.76952747380457, 126.30779853144736, 0.772844394931423, 1303.817065802385, 2, 0, 0, 0, 28, 3, 0, 0, 0, 73
300.0, 235.53527188001442, 177.72364265617415, 189.43004697498935, 1.1590726043545265, 1952.3781090369407, 2, 0, 0, 1, 27, 4, 0, 0, 0, 72
400.0, 313.9550309272688, 237.4531824317091, 252.55229541853137, 1.5453008137776298, 2599.4491208425393, 2, 0, 0, 1, 27, 4, 0, 0, 0, 72
500.0, 392.354852976591, 297.07055894315766, 315.6745438620734, 1.9315290232007334, 3244.7041416217735, 2, 0, 0, 1, 27, 4, 0, 0, 0, 72
600.0, 470.74034757272415, 357.31264980556847, 378.7967923056154, 2.317757232623837, 3888.367035555791, 2, 0, 0, 1, 27, 4, 0, 0, 0, 72
660.0, 517.6884212281141, 393.529845283398, 416.60701912329705, 2.549107930068276, 4273.260841243482, 2, 0, 0, 1, 27, 4, 0, 0, 0, 72
