time_seconds, weighted_integrated_cars, cars_entered, cars_exited, time_int_cars_exits, time_int_cars_main, LOSA_count, LOSB_count, LOSC_count, LOSD_count, LOSE_count, segment_LOSA_count, segment_LOSB_count, segment_LOSC_count, segment_LOSD_count, segment_LOSE_count
0.0, 0.0797659740957367, 0.0623249498103525, 0.05924124480114047, 0.0003512991766414373, 0.6729961014698519, 2, 0, 0, 1, 27, 4, 0, 0, 0, 74
100.0, 79.6481359025252, 62.38726752830214, 63.60657321315952, 0.3907194883055288, 673.2375951673832, 2, 0, 0, 1, 27, 4, 0, 0, 0, 74
200.0, 158.7924972346038, 124.64224329100715, 126.72717582260142, 0.7769328852217188, 1345.3870149106392, 2, 0, 0, 1, 27, 4, 0, 0, 0, 74
300.0, 237.69536886376866, 185.97177173026478, 189.84777843204327, 1.16314628213792, 2016.8535857842687, 2, 0, 0, 1, 27, 4, 0, 0, 0, 74
400.0, 316.4175518990515, 247.08084319929216, 252.96838104148512, 1.5493596790541095, 2687.3805883684813, 2, 0, 0, 1, 27, 4, 0, 0, 0, 74
420.0, 332.0712462101171, 259.20571785991393, 265.52938096076406, 1.626216145040428, 2820.692385960632, 2, 0, 0, 1, 27, 3, 1, 0, 0, 74
