time_seconds, weighted_integrated_cars, cars_entered, cars_exited, time_int_cars_exits, time_int_cars_main, LOSA_count, LOSB_count, LOSC_count, LOSD_count, LOSE_count, segment_LOSA_count, segment_LOSB_count, segment_LOSC_count, segment_LOSD_count, segment_LOSE_count
0.0, 0.07943170524882318, 0.06190072570420304, 0.05972222222222222, 0.0002597222222222222, 0.6747578638101959, 2, 0, 0, 0, 28, 3, 0, 0, 0, 75
100.0, 79.29487374635869, 61.946138174292315, 64.40085056337759, 0.30188915482621737, 674.6843783164021, 2, 0, 0, 0, 28, 3, 0, 0, 0, 75
200.0, 158.0487705709239, 123.77126188870113, 128.2842494693241, 0.5990619672019578, 1347.668971284486, 2, 0, 0, 0, 28, 3, 0, 0, 0, 75
300.0, 236.5430327382435, 185.14868093921564, 192.16764837525906, 0.8962347795776984, 2019.519779109672, 2, 0, 0, 0, 28, 3, 0, 0, 0, 75
400.0, 314.84559633167083, 246.24728472329036, 256.0510472811902, 1.1934075919534388, 2690.060432184942, 2, 0, 0, 0, 28, 3, 0, 0, 0, 75
420.0, 330.41466472405085, 258.3141707818529, 268.7638436634711, 1.2525449816162113, 2823.3219320818007, 2, 0, 0, 0, 28, 3, 0, 0, 0, 75
