time_seconds, weighted_integrated_cars, cars_entered, cars_exited, time_int_cars_exits, time_int_cars_main, LOSA_count, LOSB_count, LOSC_count, LOSD_count, LOSE_count, segment_LOSA_count, segment_LOSB_count, segment_LOSC_count, segment_LOSD_count, segment_LOSE_count
0.0, 0.07813647326206308, 0.06060347569089417, 0.06388339890594465, 0.00029717281237572404, 0.6534342272328416, 2, 0, 0, 0, 28, 3, 0, 0, 0, 73
100.0, 78.19234843451976, 59.14700689983372, 63.68066315034048, 0.2950509568051453, 652.9720950170741, 2, 0, 0, 0, 28, 3, 0, 0, 0, 73
200.0, 156.2810057132792, 118.18294010960767, 127.32386461978945, 0.5900619922524121, 1302.9680115846904, 2, 0, 0, 0, 28, 3, 0, 0, 0, 73
300.0, 234.34763416296488, 178.53033813114263, 190.96706608923014, 0.8850730276996895, 1950.9211050153658, 2, 0, 0, 0, 28, 3, 0, 0, 0, 73
400.0, 312.4062674274607, 240.46718497077615, 254.61026755866664, 1.1800840631469671, 2597.6936661275954, 2, 0, 0, 0, 28, 3, 0, 0, 0, 73
500.0, 390.45891944250656, 302.84956176963857, 318.2534690281032, 1.47509509859419, 3243.724532259222, 2, 0, 0, 0, 28, 3, 0, 0, 0, 73
600.0, 468.50683897360835, 365.77513137456333, 381.8966704975398, 1.770106134041357, 3889.258009301009, 2, 0, 0, 0, 28, 3, 0, 0, 0, 73
660.0, 515.2565097274303, 403.64329132842397, 420.0189481777323, 1.9468177442742105, 4275.799249751905, 2, 0, 0, 0, 28, 3, 0, 0, 0, 73
