time_seconds, weighted_integrated_cars, cars_entered, cars_exited, time_int_cars_exits, time_int_cars_main, LOSA_count, LOSB_count, LOSC_count, LOSD_count, LOSE_count, segment_LOSA_count, segment_LOSB_count, segment_LOSC_count, segment_LOSD_count, segment_LOSE_count
0.0, 0.07813807416487091, 0.06054595934090002, 0.06387982437140063, 0.00029714064156482795, 0.6535159836582211, 2, 0, 0, 0, 28, 3, 0, 0, 0, 73
100.0, 78.18126914984752, 59.10187718277568, 63.94512167925626, 0.29745064299573076, 652.9706072866451, 2, 0, 0, 0, 28, 3, 0, 0, 0, 73
200.0, 156.230667286921, 118.09440051264895, 127.8262230628054, 0.5946027776698957, 1302.8207643236879, 2, 0, 0, 0, 28, 3, 0, 0, 0, 73
300.0, 234.2418199774902, 178.4185459743393, 191.70732444634464, 0.8917549123440514, 1950.4911292164888, 2, 0, 0, 0, 28, 3, 0, 0, 0, 73
400.0, 312.23231609542273, 240.34786739160896, 255.5884258298801, 1.188907047018207, 2596.855452241011, 2, 0, 0, 0, 28, 3, 0, 0, 0, 73
500.0, 390.21025801399645, 302.7298294144731, 319.4695272134186, 1.486059181692307, 3242.3573969075896, 2, 0, 0, 0, 28, 3, 0, 0, 0, 73
600.0, 468.1800803665592, 365.6634197428295, 383.3506285969571, 1.7832113163663517, 3887.244511469972, 2, 0, 0, 0, 28, 3, 0, 0, 0, 73
660.0, 514.881927030297, 403.5457210671672, 421.61540832569665, 1.9612054450361045, 4273.344947417008, 2, 0, 0, 0, 28, 3, 0, 0, 0, 73
