time_seconds, weighted_integrated_cars, cars_entered, cars_exited, time_int_cars_exits, time_int_cars_main, LOSA_count, LOSB_count, LOSC_count, LOSD_count, LOSE_count, segment_LOSA_count, segment_LOSB_count, segment_LOSC_count, segment_LOSD_count, segment_LOSE_count
0.0, 0.07943287556440566, 0.06183641133938374, 0.05972222222222222, 0.0002597222222222222, 0.6750530971646757, 2, 0, 0, 0, 28, 3, 0, 0, 0, 75
100.0, 79.29628695644122, 61.89515243470463, 64.39688283003348, 0.301853155688826, 674.9671938153577, 2, 0, 0, 0, 28, 3, 0, 0, 0, 75
200.0, 158.05264718483576, 123.62115517777522, 128.27670720143618, 0.598993797253664, 1348.208752010312, 2, 0, 0, 0, 28, 3, 0, 0, 0, 75
300.0, 236.54955963709685, 184.90432270329603, 192.15653157282733, 0.8961344388184924, 2020.2544212378023, 2, 0, 0, 0, 28, 3, 0, 0, 0, 75
400.0, 314.85441111162964, 245.8346731455546, 256.03635594421416, 1.1932750803833212, 2690.938907887285, 2, 0, 0, 0, 28, 3, 0, 0, 0, 75
420.0, 330.42381069903695, 257.8867369674233, 268.7484409941202, 1.252406068054722, 2824.2188122357306, 2, 0, 0, 0, 28, 3, 0, 0, 0, 75
