time_seconds, weighted_integrated_cars, cars_entered, cars_exited, time_int_cars_exits, time_int_cars_main, LOSA_count, LOSB_count, LOSC_count, LOSD_count, LOSE_count, segment_LOSA_count, segment_LOSB_count, segment_LOSC_count, segment_LOSD_count, segment_LOSE_count
0.0, 0.07991121798561944, 0.059519036222421856, 0.05951902257891825, 0.0003537991766414373, 0.6804390798911707, 2, 0, 0, 0, 28, 3, 0, 0, 0, 75
100.0, 79.77295510104528, 59.578552491480586, 64.19212187967321, 0.39601186499062735, 679.8304044520394, 2, 0, 0, 0, 28, 3, 0, 0, 0, 75
200.0, 158.99980562234398, 119.09760815339837, 127.8675230875766, 0.7872184492929619, 1356.8851609012659, 2, 0, 0, 0, 28, 3, 0, 0, 0, 75
300.0, 237.96015655882547, 178.65480456788953, 191.5429242954783, 1.1784250335952966, 2031.8676069046508, 2, 0, 0, 0, 28, 3, 0, 0, 0, 75
400.0, 316.722951128425, 238.31900168378215, 255.21832550338002, 1.5696316178976313, 2704.8175537705215, 2, 0, 0, 0, 28, 3, 0, 0, 0, 75
420.0, 332.3832470458292, 250.1986297356569, 267.8897303437525, 1.6474817281737957, 2838.4964072682155, 2, 0, 0, 0, 28, 3, 0, 0, 0, 75
