time_seconds, weighted_integrated_cars, cars_entered, cars_exited, time_int_cars_exits, time_int_cars_main, LOSA_count, LOSB_count, LOSC_count, LOSD_count, LOSE_count, segment_LOSA_count, segment_LOSB_count, segment_LOSC_count, segment_LOSD_count, segment_LOSE_count
0.0, 0.0785944681302525, 0.059699062358707325, 0.06367540120790688, 0.0003912065843023349, 0.6554490315510866, 2, 0, 0, 0, 28, 3, 0, 0, 0, 73
100.0, 78.63751200708236, 58.35657427374845, 63.738456063422106, 0.39159216069235425, 654.7627470724417, 2, 0, 0, 0, 28, 3, 0, 0, 0, 73
200.0, 157.14186625130804, 116.83029693790701, 127.41329822115345, 0.7827937135431479, 1306.1895659589718, 2, 0, 0, 0, 28, 3, 0, 0, 0, 73
300.0, 235.60775186556208, 176.81499120116308, 191.08814037888482, 1.1739952663939415, 1955.3313696927846, 2, 0, 0, 0, 28, 3, 0, 0, 0, 73
400.0, 314.05299310200786, 238.4336780609613, 254.76298253661616, 1.5651968192447165, 2603.109388297984, 2, 0, 0, 0, 28, 3, 0, 0, 0, 73
500.0, 392.4856122126611, 300.54888573087914, 318.4378246943475, 1.9563983720954825, 3249.9833500248683, 2, 0, 0, 0, 28, 3, 0, 0, 0, 73
600.0, 470.9101499271852, 363.24716291824507, 382.11266685207886, 2.3475999249462483, 3896.2215142221976, 2, 0, 0, 0, 28, 3, 0, 0, 0, 73
660.0, 517.8843818027116, 400.9927833326568, 420.2538973045599, 2.5819296551038566, 4283.125093797915, 2, 0, 0, 0, 28, 3, 0, 0, 0, 73
