time_seconds, weighted_integrated_cars, cars_entered, cars_exited, time_int_cars_exits, time_int_cars_main, LOSA_count, LOSB_count, LOSC_count, LOSD_count, LOSE_count, segment_LOSA_count, segment_LOSB_count, segment_LOSC_count, segment_LOSD_count, segment_LOSE_count
0.0, 0.02072573903865854, 0.053208212587879944, 0.05020952653688842, 0.0002091714409147444, 0.3293564520112488, 9, 0, 1, 4, 16, 29, 0, 1, 0, 48
100.0, 20.62416601387847, 53.260760160424454, 51.897490244384024, 0.22527693536273466, 329.92780125945325, 9, 0, 1, 4, 16, 29, 0, 0, 1, 48
200.0, 41.113967796597905, 106.2541612456523, 102.09460358847323, 0.4427216816382089, 660.664815954903, 8, 1, 1, 4, 16, 28, 1, 0, 1, 48
300.0, 61.65693218233784, 159.19134886450763, 152.42413200789926, 0.6606958882101464, 992.7464460832877, 8, 0, 1, 4, 17, 28, 0, 0, 1, 49
400.0, 82.23706560130827, 212.1064614919797, 202.78450244649386, 0.878792687010902, 1326.1167237626928, 8, 0, 1, 4, 17, 28, 0, 0, 0, 50
420.0, 86.33663886974612, 222.6349601601162, 212.80747414805037, 0.9221989491385214, 1392.6093938986755, 8, 0, 1, 4, 17, 28, 0, 0, 0, 50
