time_seconds, weighted_integrated_cars, cars_entered, cars_exited, time_int_cars_exits, time_int_cars_main, LOSA_count, LOSB_count, LOSC_count, LOSD_count, LOSE_count, segment_LOSA_count, segment_LOSB_count, segment_LOSC_count, segment_LOSD_count, segment_LOSE_count
0.0, 0.020533894398017418, 0.05290620117006622, 0.05036721309276805, 0.000218124000192676, 0.3212997127916667, 8, 0, 3, 2, 17, 28, 0, 0, 0, 48
100.0, 20.37563999795381, 49.642599351246915, 50.41695918575236, 0.2183261752707792, 321.44301976533984, 8, 0, 3, 2, 17, 27, 0, 1, 0, 48
200.0, 38.91510481542903, 98.38532677960487, 94.1697480261644, 0.40976415618207895, 642.7954692579782, 8, 0, 3, 2, 17, 26, 0, 1, 0, 49
300.0, 58.155620562959626, 147.08494346743345, 135.55712175756074, 0.5921323341556137, 968.6612325349538, 8, 0, 3, 2, 17, 26, 0, 0, 1, 49
400.0, 77.2042646054306, 196.02175984199522, 178.48916691464652, 0.7805030503787829, 1297.3865452391053, 8, 0, 3, 2, 17, 26, 0, 0, 0, 50
500.0, 96.3181159491562, 244.84391469363442, 220.64142054444812, 0.9655733476497524, 1629.450445163383, 8, 0, 3, 2, 17, 26, 0, 0, 0, 50
600.0, 115.53213124216329, 293.8577515561295, 261.96687714793427, 1.1475164973399807, 1964.9245337668658, 8, 1, 3, 2, 16, 26, 1, 0, 0, 49
660.0, 127.0841922251119, 323.1523156333316, 288.5564257915418, 1.2639449843994264, 2167.558543828355, 9, 0, 3, 2, 16, 27, 0, 0, 0, 49
