time_seconds, weighted_integrated_cars, cars_entered, cars_exited, time_int_cars_exits, time_int_cars_main, LOSA_count, LOSB_count, LOSC_count, LOSD_count, LOSE_count, segment_LOSA_count, segment_LOSB_count, segment_LOSC_count, segment_LOSD_count, segment_LOSE_count
0.0, 0.007280949496329956, 0.025083673879241607, 0.021546956717257003, 8.896560464680578e-05, 0.12046429837569857, 27, 0, 0, 1, 2, 63, 0, 0, 0, 15
100.0, 7.272015215510549, 25.04424276533503, 22.34301620430013, 0.09529006224074774, 121.2777643782801, 27, 0, 0, 1, 2, 63, 0, 0, 0, 15
200.0, 14.232129045209662, 49.937236142112376, 45.06748142521135, 0.19170339041323234, 243.56028689035898, 27, 0, 0, 1, 2, 63, 0, 0, 0, 15
300.0, 21.193511288815518, 74.69665131565218, 66.11395532517318, 0.2814468741435994, 367.4014712776212, 27, 0, 0, 1, 2, 63, 0, 0, 0, 15
400.0, 28.34508831041628, 99.23602840631978, 87.81455839781822, 0.37381239185741777, 492.9009385688047, 27, 0, 0, 1, 2, 63, 0, 0, 0, 15
420.0, 29.77733372468295, 104.09358769157441, 92.19588872679441, 0.3924431721449117, 518.0324547894594, 27, 0, 0, 1, 2, 63, 0, 0, 0, 15
