time_seconds, weighted_integrated_cars, cars_entered, cars_exited, time_int_cars_exits, time_int_cars_main, LOSA_count, LOSB_count, LOSC_count, LOSD_count, LOSE_count, segment_LOSA_count, segment_LOSB_count, segment_LOSC_count, segment_LOSD_count, segment_LOSE_count
0.0, 0.007197935314231751, 0.024389928599824147, 0.02204395023870359, 9.373064802576934e-05, 0.12598867053973145, 27, 0, 0, 1, 2, 61, 0, 0, 0, 15
100.0, 7.207437011491983, 24.32045337263767, 22.11925987012007, 0.0940282295418468, 126.67425474398287, 27, 0, 0, 1, 2, 61, 0, 0, 0, 15
200.0, 14.4516693316384, 48.4483487649154, 43.930391736319905, 0.18685292519043478, 254.3503825236494, 27, 0, 0, 1, 2, 61, 0, 0, 0, 15
300.0, 21.841314689238512, 72.43392615639554, 65.4620159648414, 0.278505911443385, 383.1618650618091, 27, 0, 0, 1, 2, 61, 0, 0, 0, 15
400.0, 29.404983596617676, 96.3004570089181, 87.67834482605838, 0.3729286718384558, 513.0344331477613, 27, 0, 0, 1, 2, 61, 0, 0, 0, 15
500.0, 37.07660205827591, 120.06722127405014, 110.3967669775271, 0.4693737492740161, 643.610676827128, 27, 0, 0, 1, 2, 61, 0, 0, 0, 15
600.0, 44.71714300238638, 143.75646898671934, 133.42476551301075, 0.5670204406299122, 774.587782487054, 27, 0, 0, 1, 2, 61, 0, 0, 0, 15
660.0, 49.2889713613424, 157.9165144163244, 147.23085336387607, 0.6255784677726192, 853.1869504911695, 26, 1, 0, 1, 2, 60, 1, 0, 0, 15
